// SPDX-License-Identifier: GPL-2.0-or-later WITH SANE-exception
// Copyright (C) 2026 Evan McClain
/* Generated by re/tools/gen_tables.py from traces of the vendor driver.
 * Do not edit by hand. */
#ifndef NM1000_TABLES_H
#define NM1000_TABLES_H

#include <stdint.h>

enum { OP_END, OP_W, OP_SLEEP, OP_8C, OP_BULK, OP_AFECAL, OP_SHADING, OP_LINCNT, OP_WAITMOTOR };

static const uint8_t prog_common_init[278] = {
    0x01, 0x01, 0x0b, 0x01, 0x03, 0x10, 0x0a, 0x03, 0x13, 0x0e, 0x01, 0x20, 0x01, 0xa0, 0x02, 0x70,
    0x03, 0x92, 0x04, 0x10, 0x05, 0x00, 0x06, 0x50, 0x08, 0x10, 0x09, 0x00, 0x0a, 0x00, 0x0c, 0x00,
    0x0b, 0x09, 0x0d, 0x00, 0x10, 0x00, 0x11, 0x00, 0x12, 0x00, 0x13, 0x00, 0x14, 0x00, 0x15, 0x00,
    0x16, 0x00, 0x17, 0x01, 0x18, 0x04, 0x19, 0xe0, 0x1a, 0x26, 0x1b, 0x00, 0x1c, 0x00, 0x1d, 0x04,
    0x1e, 0x10, 0x1f, 0x01, 0x20, 0x10, 0x21, 0x04, 0x22, 0x50, 0x23, 0x50, 0x01, 0x20, 0x24, 0x04,
    0x25, 0x00, 0x26, 0x00, 0x27, 0x00, 0x2c, 0x02, 0x2d, 0x58, 0x2e, 0x80, 0x2f, 0x80, 0x30, 0x00,
    0x31, 0x14, 0x32, 0x27, 0x33, 0xec, 0x34, 0x3c, 0x35, 0x00, 0x36, 0x40, 0x37, 0x00, 0x38, 0x17,
    0x39, 0x6f, 0x3d, 0x00, 0x3e, 0x00, 0x3f, 0x01, 0x52, 0x11, 0x53, 0x02, 0x54, 0x05, 0x55, 0x08,
    0x56, 0x0b, 0x57, 0x0e, 0x58, 0x8b, 0x59, 0x00, 0x5a, 0xc0, 0x5e, 0x88, 0x5f, 0x01, 0x01, 0x20,
    0x66, 0x00, 0x67, 0x3f, 0x68, 0x3f, 0x69, 0x01, 0x6a, 0x04, 0x6b, 0x01, 0x6e, 0x6f, 0x6c, 0x61,
    0x6f, 0x00, 0x6d, 0x00, 0x70, 0x04, 0x71, 0x06, 0x72, 0x07, 0x73, 0x08, 0x74, 0x00, 0x75, 0x00,
    0x76, 0x00, 0x77, 0x00, 0x78, 0x00, 0x79, 0xfc, 0x7a, 0x03, 0x7b, 0xff, 0x7c, 0xff, 0x87, 0x00,
    0x9d, 0x04, 0x9e, 0x00, 0x9f, 0x00, 0xa2, 0x0f, 0xa8, 0x00, 0xa9, 0x40, 0xab, 0x30, 0xad, 0x00,
    0x01, 0x04, 0xae, 0x3f, 0xb8, 0x00, 0xbd, 0x00, 0xbe, 0x00, 0x01, 0x1b, 0x51, 0x01, 0x3a, 0x00,
    0x3b, 0x35, 0x51, 0x02, 0x3a, 0x00, 0x3b, 0x80, 0x51, 0x03, 0x3a, 0x00, 0x3b, 0x04, 0x51, 0x20,
    0x3a, 0x00, 0x3b, 0x80, 0x51, 0x21, 0x3a, 0x00, 0x3b, 0x80, 0x51, 0x22, 0x3a, 0x00, 0x3b, 0x80,
    0x51, 0x28, 0x3a, 0x00, 0x3b, 0xbb, 0x51, 0x29, 0x3a, 0x00, 0x3b, 0x4b, 0x51, 0x2a, 0x3a, 0x00,
    0x3b, 0x4b, 0x02, 0x64, 0x00, 0x00,
};
static const uint8_t prog_lamp_on[13] = {
    0x01, 0x01, 0x6e, 0x6f, 0x01, 0x01, 0x7e, 0x02, 0x01, 0x01, 0x7f, 0x0b, 0x00,
};
static const uint8_t prog_stop[16] = {
    0x01, 0x01, 0x01, 0xe0, 0x02, 0x64, 0x00, 0x01, 0x01, 0x0a, 0x00, 0x01, 0x01, 0x01, 0xa0, 0x00,
};

static const uint8_t prog_setparams_150_color[419] = {
    0x01, 0x20, 0x01, 0xa0, 0x02, 0x70, 0x03, 0x92, 0x04, 0x10, 0x05, 0x00, 0x06, 0x50, 0x08, 0x10,
    0x09, 0x00, 0x0a, 0x00, 0x0c, 0x02, 0x0b, 0x09, 0x0d, 0x00, 0x10, 0x00, 0x11, 0x00, 0x12, 0x00,
    0x13, 0x00, 0x14, 0x00, 0x15, 0x00, 0x16, 0x00, 0x17, 0x01, 0x18, 0x04, 0x19, 0xe0, 0x1a, 0x26,
    0x1b, 0x00, 0x1c, 0x00, 0x1d, 0x0f, 0x1e, 0x10, 0x1f, 0x01, 0x20, 0x10, 0x21, 0x04, 0x22, 0x50,
    0x23, 0x50, 0x01, 0x20, 0x24, 0x04, 0x25, 0x00, 0x26, 0x00, 0x27, 0x00, 0x2c, 0x02, 0x2d, 0x58,
    0x2e, 0x80, 0x2f, 0x80, 0x30, 0x00, 0x31, 0x14, 0x32, 0x27, 0x33, 0xec, 0x34, 0x1f, 0x35, 0x00,
    0x36, 0x40, 0x37, 0x00, 0x38, 0x1c, 0x39, 0x1f, 0x3d, 0x00, 0x3e, 0x00, 0x3f, 0x01, 0x52, 0x00,
    0x53, 0x01, 0x54, 0x02, 0x55, 0x03, 0x56, 0x04, 0x57, 0x05, 0x58, 0x31, 0x59, 0x00, 0x5a, 0x40,
    0x5e, 0x88, 0x5f, 0x01, 0x01, 0x20, 0x66, 0x00, 0x67, 0x3f, 0x68, 0x3f, 0x69, 0x01, 0x6a, 0x04,
    0x6b, 0x01, 0x6e, 0x6b, 0x6c, 0x41, 0x6f, 0x80, 0x6d, 0x80, 0x70, 0x04, 0x71, 0x06, 0x72, 0x07,
    0x73, 0x08, 0x74, 0x00, 0x75, 0x00, 0x76, 0x00, 0x77, 0x00, 0x78, 0x07, 0x79, 0xfc, 0x7a, 0x03,
    0x7b, 0xff, 0x7c, 0xff, 0x87, 0x00, 0x9d, 0x00, 0x9e, 0x00, 0x9f, 0x00, 0xa2, 0x0f, 0xa8, 0x00,
    0xa9, 0x40, 0xab, 0x30, 0xad, 0x08, 0x01, 0x04, 0xae, 0x3f, 0xb8, 0x03, 0xbd, 0x00, 0xbe, 0x47,
    0x01, 0x1b, 0x51, 0x01, 0x3a, 0x00, 0x3b, 0x35, 0x51, 0x02, 0x3a, 0x00, 0x3b, 0x80, 0x51, 0x03,
    0x3a, 0x00, 0x3b, 0x04, 0x51, 0x20, 0x3a, 0x00, 0x3b, 0x80, 0x51, 0x21, 0x3a, 0x00, 0x3b, 0x80,
    0x51, 0x22, 0x3a, 0x00, 0x3b, 0x80, 0x51, 0x28, 0x3a, 0x00, 0x3b, 0xbb, 0x51, 0x29, 0x3a, 0x00,
    0x3b, 0x4b, 0x51, 0x2a, 0x3a, 0x00, 0x3b, 0x4b, 0x01, 0x1b, 0x51, 0x01, 0x3a, 0x00, 0x3b, 0x35,
    0x51, 0x02, 0x3a, 0x00, 0x3b, 0x88, 0x51, 0x03, 0x3a, 0x00, 0x3b, 0x02, 0x51, 0x20, 0x3a, 0x00,
    0x3b, 0x80, 0x51, 0x21, 0x3a, 0x00, 0x3b, 0x70, 0x51, 0x22, 0x3a, 0x00, 0x3b, 0x70, 0x51, 0x28,
    0x3a, 0x00, 0x3b, 0x4b, 0x51, 0x29, 0x3a, 0x00, 0x3b, 0xd5, 0x51, 0x2a, 0x3a, 0x00, 0x3b, 0xd5,
    0x01, 0x01, 0x0b, 0x09, 0x03, 0x10, 0x0a, 0x03, 0x13, 0x0e, 0x01, 0x01, 0xd0, 0x0a, 0x01, 0x01,
    0xd1, 0x0d, 0x01, 0x01, 0xd2, 0x10, 0x01, 0x02, 0xe0, 0x00, 0xe1, 0x4c, 0x01, 0x02, 0xe2, 0x02,
    0xe3, 0x25, 0x01, 0x02, 0xe4, 0x02, 0xe5, 0x26, 0x01, 0x02, 0xe6, 0x03, 0xe7, 0xff, 0x01, 0x02,
    0xe8, 0x00, 0xe9, 0x4c, 0x01, 0x02, 0xea, 0x02, 0xeb, 0x25, 0x01, 0x02, 0xec, 0x02, 0xed, 0x26,
    0x01, 0x02, 0xee, 0x03, 0xef, 0xff, 0x01, 0x02, 0xf0, 0x00, 0xf1, 0x4c, 0x01, 0x02, 0xf2, 0x02,
    0xf3, 0x25, 0x01, 0x02, 0xf4, 0x02, 0xf5, 0x26, 0x01, 0x02, 0xf6, 0x03, 0xf7, 0xff, 0x01, 0x01,
    0xf8, 0x01, 0x00,
};
static const uint8_t prog_calib_150_color[655] = {
    0x01, 0x20, 0x01, 0xa0, 0x02, 0x70, 0x03, 0x92, 0x04, 0x10, 0x05, 0x00, 0x06, 0x50, 0x08, 0x10,
    0x09, 0x00, 0x0a, 0x00, 0x0c, 0x02, 0x0b, 0x09, 0x0d, 0x00, 0x10, 0x00, 0x11, 0x00, 0x12, 0x00,
    0x13, 0x00, 0x14, 0x00, 0x15, 0x00, 0x16, 0x00, 0x17, 0x01, 0x18, 0x04, 0x19, 0xe0, 0x1a, 0x26,
    0x1b, 0x00, 0x1c, 0x00, 0x1d, 0x0f, 0x1e, 0x10, 0x1f, 0x01, 0x20, 0x10, 0x21, 0x04, 0x22, 0x50,
    0x23, 0x50, 0x01, 0x20, 0x24, 0x04, 0x25, 0x00, 0x26, 0x00, 0x27, 0x00, 0x2c, 0x02, 0x2d, 0x58,
    0x2e, 0x80, 0x2f, 0x80, 0x30, 0x00, 0x31, 0x14, 0x32, 0x27, 0x33, 0xec, 0x34, 0x1f, 0x35, 0x00,
    0x36, 0x40, 0x37, 0x00, 0x38, 0x1c, 0x39, 0x1f, 0x3d, 0x00, 0x3e, 0x00, 0x3f, 0x01, 0x52, 0x00,
    0x53, 0x01, 0x54, 0x02, 0x55, 0x03, 0x56, 0x04, 0x57, 0x05, 0x58, 0x31, 0x59, 0x00, 0x5a, 0x40,
    0x5e, 0x88, 0x5f, 0x01, 0x01, 0x20, 0x66, 0x00, 0x67, 0x3f, 0x68, 0x3f, 0x69, 0x01, 0x6a, 0x04,
    0x6b, 0x01, 0x6e, 0x6b, 0x6c, 0x41, 0x6f, 0x80, 0x6d, 0x80, 0x70, 0x04, 0x71, 0x06, 0x72, 0x07,
    0x73, 0x08, 0x74, 0x00, 0x75, 0x00, 0x76, 0x00, 0x77, 0x00, 0x78, 0x07, 0x79, 0xfc, 0x7a, 0x03,
    0x7b, 0xff, 0x7c, 0xff, 0x87, 0x00, 0x9d, 0x00, 0x9e, 0x00, 0x9f, 0x00, 0xa2, 0x0f, 0xa8, 0x00,
    0xa9, 0x40, 0xab, 0x30, 0xad, 0x08, 0x01, 0x04, 0xae, 0x3f, 0xb8, 0x03, 0xbd, 0x00, 0xbe, 0x47,
    0x01, 0x1b, 0x51, 0x01, 0x3a, 0x00, 0x3b, 0x35, 0x51, 0x02, 0x3a, 0x00, 0x3b, 0x80, 0x51, 0x03,
    0x3a, 0x00, 0x3b, 0x04, 0x51, 0x20, 0x3a, 0x00, 0x3b, 0x80, 0x51, 0x21, 0x3a, 0x00, 0x3b, 0x80,
    0x51, 0x22, 0x3a, 0x00, 0x3b, 0x80, 0x51, 0x28, 0x3a, 0x00, 0x3b, 0xbb, 0x51, 0x29, 0x3a, 0x00,
    0x3b, 0x4b, 0x51, 0x2a, 0x3a, 0x00, 0x3b, 0x4b, 0x01, 0x1b, 0x51, 0x01, 0x3a, 0x00, 0x3b, 0x35,
    0x51, 0x02, 0x3a, 0x00, 0x3b, 0x88, 0x51, 0x03, 0x3a, 0x00, 0x3b, 0x02, 0x51, 0x20, 0x3a, 0x00,
    0x3b, 0x80, 0x51, 0x21, 0x3a, 0x00, 0x3b, 0x70, 0x51, 0x22, 0x3a, 0x00, 0x3b, 0x70, 0x51, 0x28,
    0x3a, 0x00, 0x3b, 0x4b, 0x51, 0x29, 0x3a, 0x00, 0x3b, 0xd5, 0x51, 0x2a, 0x3a, 0x00, 0x3b, 0xd5,
    0x01, 0x01, 0x0b, 0x09, 0x03, 0x10, 0x0a, 0x03, 0x13, 0x0e, 0x01, 0x01, 0xd0, 0x0a, 0x01, 0x01,
    0xd1, 0x0d, 0x01, 0x01, 0xd2, 0x10, 0x01, 0x02, 0xe0, 0x00, 0xe1, 0x4c, 0x01, 0x02, 0xe2, 0x02,
    0xe3, 0x25, 0x01, 0x02, 0xe4, 0x02, 0xe5, 0x26, 0x01, 0x02, 0xe6, 0x03, 0xe7, 0xff, 0x01, 0x02,
    0xe8, 0x00, 0xe9, 0x4c, 0x01, 0x02, 0xea, 0x02, 0xeb, 0x25, 0x01, 0x02, 0xec, 0x02, 0xed, 0x26,
    0x01, 0x02, 0xee, 0x03, 0xef, 0xff, 0x01, 0x02, 0xf0, 0x00, 0xf1, 0x4c, 0x01, 0x02, 0xf2, 0x02,
    0xf3, 0x25, 0x01, 0x02, 0xf4, 0x02, 0xf5, 0x26, 0x01, 0x02, 0xf6, 0x03, 0xf7, 0xff, 0x01, 0x01,
    0xf8, 0x01, 0x01, 0x01, 0xa7, 0x01, 0x01, 0x01, 0xa6, 0x1d, 0x01, 0x12, 0x51, 0x20, 0x3a, 0x00,
    0x3b, 0x80, 0x51, 0x28, 0x3a, 0x00, 0x3b, 0x4b, 0x51, 0x21, 0x3a, 0x00, 0x3b, 0x70, 0x51, 0x29,
    0x3a, 0x00, 0x3b, 0xd5, 0x51, 0x22, 0x3a, 0x00, 0x3b, 0x70, 0x51, 0x2a, 0x3a, 0x00, 0x3b, 0xd5,
    0x01, 0x01, 0xd0, 0x0a, 0x01, 0x01, 0xd1, 0x0d, 0x01, 0x01, 0xd2, 0x10, 0x01, 0x02, 0xe0, 0x00,
    0xe1, 0x4c, 0x01, 0x02, 0xe2, 0x02, 0xe3, 0x25, 0x01, 0x02, 0xe4, 0x02, 0xe5, 0x26, 0x01, 0x02,
    0xe6, 0x03, 0xe7, 0xff, 0x01, 0x02, 0xe8, 0x00, 0xe9, 0x4c, 0x01, 0x02, 0xea, 0x02, 0xeb, 0x25,
    0x01, 0x02, 0xec, 0x02, 0xed, 0x26, 0x01, 0x02, 0xee, 0x03, 0xef, 0xff, 0x01, 0x02, 0xf0, 0x00,
    0xf1, 0x4c, 0x01, 0x02, 0xf2, 0x02, 0xf3, 0x25, 0x01, 0x02, 0xf4, 0x02, 0xf5, 0x26, 0x01, 0x02,
    0xf6, 0x03, 0xf7, 0xff, 0x01, 0x01, 0xf8, 0x01, 0x01, 0x01, 0x6e, 0x6f, 0x01, 0x01, 0x7e, 0x02,
    0x01, 0x01, 0x7f, 0x0b, 0x02, 0x0a, 0x00, 0x05, 0x06, 0x00, 0x00, 0x40, 0x01, 0x10, 0x38, 0x2a,
    0x00, 0x00, 0x00, 0x00, 0x00, 0x00, 0x00, 0x02, 0x64, 0x00, 0x06, 0x01, 0x00, 0xa0, 0x01, 0x10,
    0x38, 0x2a, 0x00, 0x00, 0x00, 0x00, 0x00, 0x00, 0x00, 0x02, 0x64, 0x00, 0x06, 0x02, 0x00, 0x00,
    0x02, 0x10, 0x38, 0x2a, 0x00, 0x00, 0x00, 0x00, 0x00, 0x00, 0x00, 0x02, 0x64, 0x00, 0x01, 0x01,
    0x01, 0xa0, 0x01, 0x01, 0x02, 0x70, 0x01, 0x01, 0x1e, 0x10, 0x01, 0x01, 0x9d, 0x00, 0x01, 0x01,
    0x6e, 0x6f, 0x01, 0x01, 0x7e, 0x00, 0x01, 0x01, 0xa7, 0x00, 0x01, 0x01, 0xa6, 0x1c, 0x00,
};
static const uint8_t prog_start_150_color[1883] = {
    0x01, 0x01, 0x80, 0x00, 0x01, 0x01, 0x80, 0x00, 0x01, 0x01, 0x60, 0x20, 0x01, 0x01, 0x63, 0x00,
    0x01, 0x01, 0x0d, 0x00, 0x01, 0x01, 0x6f, 0x80, 0x01, 0x01, 0x6d, 0x9f, 0x02, 0xf4, 0x01, 0x04,
    0x00, 0x00, 0x00, 0x01, 0x00, 0x02, 0x00, 0x00, 0x00, 0x00, 0x00, 0x00, 0x5d, 0x01, 0xd6, 0x04,
    0x00, 0x08, 0xed, 0x0a, 0xae, 0x0d, 0x49, 0x10, 0xc6, 0x12, 0x29, 0x15, 0x75, 0x17, 0xaf, 0x19,
    0xd5, 0x1b, 0xed, 0x1d, 0xf6, 0x1f, 0xf3, 0x21, 0xe3, 0x23, 0xc9, 0x25, 0xa4, 0x27, 0x78, 0x29,
    0x41, 0x2b, 0x03, 0x2d, 0xbd, 0x2e, 0x70, 0x30, 0x1c, 0x32, 0xc2, 0x33, 0x61, 0x35, 0xfc, 0x36,
    0x90, 0x38, 0x20, 0x3a, 0xaa, 0x3b, 0x30, 0x3d, 0xb1, 0x3e, 0x2e, 0x40, 0xa6, 0x41, 0x1b, 0x43,
    0x8b, 0x44, 0xf9, 0x45, 0x61, 0x47, 0xc8, 0x48, 0x2a, 0x4a, 0x8a, 0x4b, 0xe7, 0x4c, 0x40, 0x4e,
    0x96, 0x4f, 0xea, 0x50, 0x3a, 0x52, 0x88, 0x53, 0xd4, 0x54, 0x1d, 0x56, 0x63, 0x57, 0xa7, 0x58,
    0xe9, 0x59, 0x29, 0x5b, 0x65, 0x5c, 0xa1, 0x5d, 0xda, 0x5e, 0x10, 0x60, 0x46, 0x61, 0x79, 0x62,
    0xaa, 0x63, 0xd9, 0x64, 0x07, 0x66, 0x31, 0x67, 0x5c, 0x68, 0x83, 0x69, 0xab, 0x6a, 0xcf, 0x6b,
    0xf3, 0x6c, 0x14, 0x6e, 0x34, 0x6f, 0x52, 0x70, 0x70, 0x71, 0x8c, 0x72, 0xa6, 0x73, 0xbf, 0x74,
    0xd5, 0x75, 0xec, 0x76, 0x00, 0x78, 0x14, 0x79, 0x26, 0x7a, 0x37, 0x7b, 0x46, 0x7c, 0x55, 0x7d,
    0x61, 0x7e, 0x6e, 0x7f, 0x79, 0x80, 0x82, 0x81, 0x8b, 0x82, 0x92, 0x83, 0x98, 0x84, 0x9e, 0x85,
    0xa2, 0x86, 0xa5, 0x87, 0xa7, 0x88, 0xa8, 0x89, 0xa8, 0x8a, 0xa8, 0x8b, 0xa6, 0x8c, 0xa3, 0x8d,
    0x9f, 0x8e, 0x9a, 0x8f, 0x95, 0x90, 0x8e, 0x91, 0x86, 0x92, 0x7f, 0x93, 0x75, 0x94, 0x6a, 0x95,
    0x60, 0x96, 0x54, 0x97, 0x47, 0x98, 0x3a, 0x99, 0x2c, 0x9a, 0x1d, 0x9b, 0x0d, 0x9c, 0xfd, 0x9c,
    0xeb, 0x9d, 0xd9, 0x9e, 0xc7, 0x9f, 0xb2, 0xa0, 0x9e, 0xa1, 0x89, 0xa2, 0x73, 0xa3, 0x5d, 0xa4,
    0x45, 0xa5, 0x2d, 0xa6, 0x15, 0xa7, 0xfb, 0xa7, 0xe2, 0xa8, 0xc7, 0xa9, 0xab, 0xaa, 0x90, 0xab,
    0x72, 0xac, 0x56, 0xad, 0x37, 0xae, 0x19, 0xaf, 0xfa, 0xaf, 0xda, 0xb0, 0xba, 0xb1, 0x99, 0xb2,
    0x78, 0xb3, 0x56, 0xb4, 0x33, 0xb5, 0x10, 0xb6, 0xeb, 0xb6, 0xc7, 0xb7, 0xa2, 0xb8, 0x7d, 0xb9,
    0x56, 0xba, 0x30, 0xbb, 0x08, 0xbc, 0xe1, 0xbc, 0xb8, 0xbd, 0x90, 0xbe, 0x66, 0xbf, 0x3c, 0xc0,
    0x11, 0xc1, 0xe6, 0xc1, 0xbb, 0xc2, 0x90, 0xc3, 0x64, 0xc4, 0x36, 0xc5, 0x09, 0xc6, 0xdb, 0xc6,
    0xad, 0xc7, 0x7e, 0xc8, 0x4e, 0xc9, 0x1f, 0xca, 0xef, 0xca, 0xbe, 0xcb, 0x8d, 0xcc, 0x5b, 0xcd,
    0x29, 0xce, 0xf7, 0xce, 0xc3, 0xcf, 0x91, 0xd0, 0x5d, 0xd1, 0x28, 0xd2, 0xf3, 0xd2, 0xbf, 0xd3,
    0x89, 0xd4, 0x53, 0xd5, 0x1d, 0xd6, 0xe6, 0xd6, 0xaf, 0xd7, 0x78, 0xd8, 0x3f, 0xd9, 0x07, 0xda,
    0xce, 0xda, 0x95, 0xdb, 0x5b, 0xdc, 0x22, 0xdd, 0xe8, 0xdd, 0xac, 0xde, 0x72, 0xdf, 0x36, 0xe0,
    0xfa, 0xe0, 0xbe, 0xe1, 0x81, 0xe2, 0x44, 0xe3, 0x07, 0xe4, 0xc9, 0xe4, 0x8b, 0xe5, 0x4d, 0xe6,
    0x0e, 0xe7, 0xcf, 0xe7, 0x8f, 0xe8, 0x4f, 0xe9, 0x0f, 0xea, 0xce, 0xea, 0x8e, 0xeb, 0x4d, 0xec,
    0x0b, 0xed, 0xc9, 0xed, 0x87, 0xee, 0x45, 0xef, 0x01, 0xf0, 0xbe, 0xf0, 0x7b, 0xf1, 0x38, 0xf2,
    0xf3, 0xf2, 0xaf, 0xf3, 0x6a, 0xf4, 0x25, 0xf5, 0xdf, 0xf5, 0x9a, 0xf6, 0x53, 0xf7, 0x0e, 0xf8,
    0xc6, 0xf8, 0x7f, 0xf9, 0x39, 0xfa, 0xcc, 0xfa, 0xcc, 0xfa, 0xcc, 0xfa, 0xcc, 0xfa, 0xcc, 0xfa,
    0xcc, 0xfa, 0xcc, 0xfa, 0xcc, 0xfa, 0xcc, 0xfa, 0xcc, 0xfa, 0xcc, 0xfa, 0xcc, 0xfa, 0xcc, 0xfa,
    0xcc, 0xfa, 0xcc, 0xfa, 0xcc, 0xfa, 0xcc, 0xfa, 0xcc, 0xfa, 0xcc, 0xfa, 0xcc, 0xfa, 0xcc, 0xfa,
    0xcc, 0xfa, 0xcc, 0xfa, 0xcc, 0xfa, 0x04, 0x00, 0x02, 0x00, 0x01, 0x00, 0x02, 0x00, 0x00, 0x00,
    0x00, 0x00, 0x00, 0x5d, 0x01, 0xd6, 0x04, 0x00, 0x08, 0xed, 0x0a, 0xae, 0x0d, 0x49, 0x10, 0xc6,
    0x12, 0x29, 0x15, 0x75, 0x17, 0xaf, 0x19, 0xd5, 0x1b, 0xed, 0x1d, 0xf6, 0x1f, 0xf3, 0x21, 0xe3,
    0x23, 0xc9, 0x25, 0xa4, 0x27, 0x78, 0x29, 0x41, 0x2b, 0x03, 0x2d, 0xbd, 0x2e, 0x70, 0x30, 0x1c,
    0x32, 0xc2, 0x33, 0x61, 0x35, 0xfc, 0x36, 0x90, 0x38, 0x20, 0x3a, 0xaa, 0x3b, 0x30, 0x3d, 0xb1,
    0x3e, 0x2e, 0x40, 0xa6, 0x41, 0x1b, 0x43, 0x8b, 0x44, 0xf9, 0x45, 0x61, 0x47, 0xc8, 0x48, 0x2a,
    0x4a, 0x8a, 0x4b, 0xe7, 0x4c, 0x40, 0x4e, 0x96, 0x4f, 0xea, 0x50, 0x3a, 0x52, 0x88, 0x53, 0xd4,
    0x54, 0x1d, 0x56, 0x63, 0x57, 0xa7, 0x58, 0xe9, 0x59, 0x29, 0x5b, 0x65, 0x5c, 0xa1, 0x5d, 0xda,
    0x5e, 0x10, 0x60, 0x46, 0x61, 0x79, 0x62, 0xaa, 0x63, 0xd9, 0x64, 0x07, 0x66, 0x31, 0x67, 0x5c,
    0x68, 0x83, 0x69, 0xab, 0x6a, 0xcf, 0x6b, 0xf3, 0x6c, 0x14, 0x6e, 0x34, 0x6f, 0x52, 0x70, 0x70,
    0x71, 0x8c, 0x72, 0xa6, 0x73, 0xbf, 0x74, 0xd5, 0x75, 0xec, 0x76, 0x00, 0x78, 0x14, 0x79, 0x26,
    0x7a, 0x37, 0x7b, 0x46, 0x7c, 0x55, 0x7d, 0x61, 0x7e, 0x6e, 0x7f, 0x79, 0x80, 0x82, 0x81, 0x8b,
    0x82, 0x92, 0x83, 0x98, 0x84, 0x9e, 0x85, 0xa2, 0x86, 0xa5, 0x87, 0xa7, 0x88, 0xa8, 0x89, 0xa8,
    0x8a, 0xa8, 0x8b, 0xa6, 0x8c, 0xa3, 0x8d, 0x9f, 0x8e, 0x9a, 0x8f, 0x95, 0x90, 0x8e, 0x91, 0x86,
    0x92, 0x7f, 0x93, 0x75, 0x94, 0x6a, 0x95, 0x60, 0x96, 0x54, 0x97, 0x47, 0x98, 0x3a, 0x99, 0x2c,
    0x9a, 0x1d, 0x9b, 0x0d, 0x9c, 0xfd, 0x9c, 0xeb, 0x9d, 0xd9, 0x9e, 0xc7, 0x9f, 0xb2, 0xa0, 0x9e,
    0xa1, 0x89, 0xa2, 0x73, 0xa3, 0x5d, 0xa4, 0x45, 0xa5, 0x2d, 0xa6, 0x15, 0xa7, 0xfb, 0xa7, 0xe2,
    0xa8, 0xc7, 0xa9, 0xab, 0xaa, 0x90, 0xab, 0x72, 0xac, 0x56, 0xad, 0x37, 0xae, 0x19, 0xaf, 0xfa,
    0xaf, 0xda, 0xb0, 0xba, 0xb1, 0x99, 0xb2, 0x78, 0xb3, 0x56, 0xb4, 0x33, 0xb5, 0x10, 0xb6, 0xeb,
    0xb6, 0xc7, 0xb7, 0xa2, 0xb8, 0x7d, 0xb9, 0x56, 0xba, 0x30, 0xbb, 0x08, 0xbc, 0xe1, 0xbc, 0xb8,
    0xbd, 0x90, 0xbe, 0x66, 0xbf, 0x3c, 0xc0, 0x11, 0xc1, 0xe6, 0xc1, 0xbb, 0xc2, 0x90, 0xc3, 0x64,
    0xc4, 0x36, 0xc5, 0x09, 0xc6, 0xdb, 0xc6, 0xad, 0xc7, 0x7e, 0xc8, 0x4e, 0xc9, 0x1f, 0xca, 0xef,
    0xca, 0xbe, 0xcb, 0x8d, 0xcc, 0x5b, 0xcd, 0x29, 0xce, 0xf7, 0xce, 0xc3, 0xcf, 0x91, 0xd0, 0x5d,
    0xd1, 0x28, 0xd2, 0xf3, 0xd2, 0xbf, 0xd3, 0x89, 0xd4, 0x53, 0xd5, 0x1d, 0xd6, 0xe6, 0xd6, 0xaf,
    0xd7, 0x78, 0xd8, 0x3f, 0xd9, 0x07, 0xda, 0xce, 0xda, 0x95, 0xdb, 0x5b, 0xdc, 0x22, 0xdd, 0xe8,
    0xdd, 0xac, 0xde, 0x72, 0xdf, 0x36, 0xe0, 0xfa, 0xe0, 0xbe, 0xe1, 0x81, 0xe2, 0x44, 0xe3, 0x07,
    0xe4, 0xc9, 0xe4, 0x8b, 0xe5, 0x4d, 0xe6, 0x0e, 0xe7, 0xcf, 0xe7, 0x8f, 0xe8, 0x4f, 0xe9, 0x0f,
    0xea, 0xce, 0xea, 0x8e, 0xeb, 0x4d, 0xec, 0x0b, 0xed, 0xc9, 0xed, 0x87, 0xee, 0x45, 0xef, 0x01,
    0xf0, 0xbe, 0xf0, 0x7b, 0xf1, 0x38, 0xf2, 0xf3, 0xf2, 0xaf, 0xf3, 0x6a, 0xf4, 0x25, 0xf5, 0xdf,
    0xf5, 0x9a, 0xf6, 0x53, 0xf7, 0x0e, 0xf8, 0xc6, 0xf8, 0x7f, 0xf9, 0x39, 0xfa, 0xcc, 0xfa, 0xcc,
    0xfa, 0xcc, 0xfa, 0xcc, 0xfa, 0xcc, 0xfa, 0xcc, 0xfa, 0xcc, 0xfa, 0xcc, 0xfa, 0xcc, 0xfa, 0xcc,
    0xfa, 0xcc, 0xfa, 0xcc, 0xfa, 0xcc, 0xfa, 0xcc, 0xfa, 0xcc, 0xfa, 0xcc, 0xfa, 0xcc, 0xfa, 0xcc,
    0xfa, 0xcc, 0xfa, 0xcc, 0xfa, 0xcc, 0xfa, 0xcc, 0xfa, 0xcc, 0xfa, 0xcc, 0xfa, 0x04, 0x00, 0x04,
    0x00, 0x01, 0x00, 0x02, 0x00, 0x00, 0x00, 0x00, 0x00, 0x00, 0x5d, 0x01, 0xd6, 0x04, 0x00, 0x08,
    0xed, 0x0a, 0xae, 0x0d, 0x49, 0x10, 0xc6, 0x12, 0x29, 0x15, 0x75, 0x17, 0xaf, 0x19, 0xd5, 0x1b,
    0xed, 0x1d, 0xf6, 0x1f, 0xf3, 0x21, 0xe3, 0x23, 0xc9, 0x25, 0xa4, 0x27, 0x78, 0x29, 0x41, 0x2b,
    0x03, 0x2d, 0xbd, 0x2e, 0x70, 0x30, 0x1c, 0x32, 0xc2, 0x33, 0x61, 0x35, 0xfc, 0x36, 0x90, 0x38,
    0x20, 0x3a, 0xaa, 0x3b, 0x30, 0x3d, 0xb1, 0x3e, 0x2e, 0x40, 0xa6, 0x41, 0x1b, 0x43, 0x8b, 0x44,
    0xf9, 0x45, 0x61, 0x47, 0xc8, 0x48, 0x2a, 0x4a, 0x8a, 0x4b, 0xe7, 0x4c, 0x40, 0x4e, 0x96, 0x4f,
    0xea, 0x50, 0x3a, 0x52, 0x88, 0x53, 0xd4, 0x54, 0x1d, 0x56, 0x63, 0x57, 0xa7, 0x58, 0xe9, 0x59,
    0x29, 0x5b, 0x65, 0x5c, 0xa1, 0x5d, 0xda, 0x5e, 0x10, 0x60, 0x46, 0x61, 0x79, 0x62, 0xaa, 0x63,
    0xd9, 0x64, 0x07, 0x66, 0x31, 0x67, 0x5c, 0x68, 0x83, 0x69, 0xab, 0x6a, 0xcf, 0x6b, 0xf3, 0x6c,
    0x14, 0x6e, 0x34, 0x6f, 0x52, 0x70, 0x70, 0x71, 0x8c, 0x72, 0xa6, 0x73, 0xbf, 0x74, 0xd5, 0x75,
    0xec, 0x76, 0x00, 0x78, 0x14, 0x79, 0x26, 0x7a, 0x37, 0x7b, 0x46, 0x7c, 0x55, 0x7d, 0x61, 0x7e,
    0x6e, 0x7f, 0x79, 0x80, 0x82, 0x81, 0x8b, 0x82, 0x92, 0x83, 0x98, 0x84, 0x9e, 0x85, 0xa2, 0x86,
    0xa5, 0x87, 0xa7, 0x88, 0xa8, 0x89, 0xa8, 0x8a, 0xa8, 0x8b, 0xa6, 0x8c, 0xa3, 0x8d, 0x9f, 0x8e,
    0x9a, 0x8f, 0x95, 0x90, 0x8e, 0x91, 0x86, 0x92, 0x7f, 0x93, 0x75, 0x94, 0x6a, 0x95, 0x60, 0x96,
    0x54, 0x97, 0x47, 0x98, 0x3a, 0x99, 0x2c, 0x9a, 0x1d, 0x9b, 0x0d, 0x9c, 0xfd, 0x9c, 0xeb, 0x9d,
    0xd9, 0x9e, 0xc7, 0x9f, 0xb2, 0xa0, 0x9e, 0xa1, 0x89, 0xa2, 0x73, 0xa3, 0x5d, 0xa4, 0x45, 0xa5,
    0x2d, 0xa6, 0x15, 0xa7, 0xfb, 0xa7, 0xe2, 0xa8, 0xc7, 0xa9, 0xab, 0xaa, 0x90, 0xab, 0x72, 0xac,
    0x56, 0xad, 0x37, 0xae, 0x19, 0xaf, 0xfa, 0xaf, 0xda, 0xb0, 0xba, 0xb1, 0x99, 0xb2, 0x78, 0xb3,
    0x56, 0xb4, 0x33, 0xb5, 0x10, 0xb6, 0xeb, 0xb6, 0xc7, 0xb7, 0xa2, 0xb8, 0x7d, 0xb9, 0x56, 0xba,
    0x30, 0xbb, 0x08, 0xbc, 0xe1, 0xbc, 0xb8, 0xbd, 0x90, 0xbe, 0x66, 0xbf, 0x3c, 0xc0, 0x11, 0xc1,
    0xe6, 0xc1, 0xbb, 0xc2, 0x90, 0xc3, 0x64, 0xc4, 0x36, 0xc5, 0x09, 0xc6, 0xdb, 0xc6, 0xad, 0xc7,
    0x7e, 0xc8, 0x4e, 0xc9, 0x1f, 0xca, 0xef, 0xca, 0xbe, 0xcb, 0x8d, 0xcc, 0x5b, 0xcd, 0x29, 0xce,
    0xf7, 0xce, 0xc3, 0xcf, 0x91, 0xd0, 0x5d, 0xd1, 0x28, 0xd2, 0xf3, 0xd2, 0xbf, 0xd3, 0x89, 0xd4,
    0x53, 0xd5, 0x1d, 0xd6, 0xe6, 0xd6, 0xaf, 0xd7, 0x78, 0xd8, 0x3f, 0xd9, 0x07, 0xda, 0xce, 0xda,
    0x95, 0xdb, 0x5b, 0xdc, 0x22, 0xdd, 0xe8, 0xdd, 0xac, 0xde, 0x72, 0xdf, 0x36, 0xe0, 0xfa, 0xe0,
    0xbe, 0xe1, 0x81, 0xe2, 0x44, 0xe3, 0x07, 0xe4, 0xc9, 0xe4, 0x8b, 0xe5, 0x4d, 0xe6, 0x0e, 0xe7,
    0xcf, 0xe7, 0x8f, 0xe8, 0x4f, 0xe9, 0x0f, 0xea, 0xce, 0xea, 0x8e, 0xeb, 0x4d, 0xec, 0x0b, 0xed,
    0xc9, 0xed, 0x87, 0xee, 0x45, 0xef, 0x01, 0xf0, 0xbe, 0xf0, 0x7b, 0xf1, 0x38, 0xf2, 0xf3, 0xf2,
    0xaf, 0xf3, 0x6a, 0xf4, 0x25, 0xf5, 0xdf, 0xf5, 0x9a, 0xf6, 0x53, 0xf7, 0x0e, 0xf8, 0xc6, 0xf8,
    0x7f, 0xf9, 0x39, 0xfa, 0xcc, 0xfa, 0xcc, 0xfa, 0xcc, 0xfa, 0xcc, 0xfa, 0xcc, 0xfa, 0xcc, 0xfa,
    0xcc, 0xfa, 0xcc, 0xfa, 0xcc, 0xfa, 0xcc, 0xfa, 0xcc, 0xfa, 0xcc, 0xfa, 0xcc, 0xfa, 0xcc, 0xfa,
    0xcc, 0xfa, 0xcc, 0xfa, 0xcc, 0xfa, 0xcc, 0xfa, 0xcc, 0xfa, 0xcc, 0xfa, 0xcc, 0xfa, 0xcc, 0xfa,
    0xcc, 0xfa, 0xcc, 0xfa, 0x02, 0x64, 0x00, 0x01, 0x14, 0x05, 0x08, 0xc5, 0x00, 0xc6, 0x00, 0xbd,
    0x00, 0xbe, 0x47, 0xc7, 0x00, 0xc8, 0x00, 0xc9, 0x00, 0xca, 0x00, 0x04, 0x10, 0x34, 0x1f, 0x30,
    0x00, 0x31, 0x9f, 0x32, 0x0a, 0x33, 0x8f, 0x2c, 0x01, 0x2d, 0x2c, 0x3d, 0x00, 0x3e, 0x00, 0x3f,
    0x01, 0x01, 0x02, 0x09, 0x00, 0xa0, 0x00, 0x07, 0x01, 0x01, 0x10, 0x00, 0x01, 0x01, 0x9d, 0x00,
    0x04, 0x00, 0x00, 0x00, 0x10, 0x20, 0x00, 0x8c, 0x0a, 0x8c, 0x0a, 0x8c, 0x0a, 0x8c, 0x0a, 0x8c,
    0x0a, 0x8c, 0x0a, 0x8c, 0x0a, 0x8c, 0x0a, 0x8c, 0x0a, 0x8c, 0x0a, 0x8c, 0x0a, 0x8c, 0x0a, 0x8c,
    0x0a, 0x8c, 0x0a, 0x8c, 0x0a, 0x8c, 0x0a, 0x04, 0x00, 0x80, 0x00, 0x10, 0x10, 0x00, 0x8c, 0x0a,
    0x8c, 0x0a, 0x8c, 0x0a, 0x8c, 0x0a, 0x8c, 0x0a, 0x8c, 0x0a, 0x8c, 0x0a, 0x8c, 0x0a, 0x01, 0x03,
    0x3d, 0x00, 0x3e, 0x00, 0x3f, 0x01, 0x01, 0x02, 0x10, 0x06, 0x11, 0x6e, 0x01, 0x02, 0x12, 0x06,
    0x13, 0xa0, 0x01, 0x02, 0x14, 0x06, 0x15, 0x6e, 0x01, 0x01, 0x0d, 0x01, 0x01, 0x01, 0x0d, 0x00,
    0x01, 0x01, 0x0d, 0x10, 0x01, 0x01, 0x6b, 0x81, 0x02, 0x14, 0x00, 0x01, 0x01, 0x63, 0x20, 0x04,
    0x00, 0xc0, 0x00, 0x10, 0x02, 0x00, 0x46, 0x05, 0x01, 0x17, 0x02, 0x58, 0x38, 0x1c, 0x39, 0x20,
    0x21, 0x08, 0x64, 0x1c, 0x65, 0x01, 0x60, 0x20, 0x61, 0x00, 0x62, 0x00, 0x69, 0x08, 0x8f, 0x00,
    0x90, 0x00, 0x91, 0x00, 0x92, 0x01, 0x93, 0x4a, 0x95, 0x01, 0x96, 0xa5, 0x97, 0xe0, 0x0a, 0x20,
    0x6a, 0x01, 0x3d, 0x00, 0x3e, 0x00, 0x3f, 0x01, 0x01, 0x01, 0x0f, 0x01, 0x01, 0x01, 0x6b, 0x01,
    0x08, 0x01, 0x01, 0x08, 0x10, 0x01, 0x08, 0x02, 0x50, 0x6a, 0x04, 0x3d, 0x00, 0x3e, 0x00, 0x3f,
    0x01, 0x35, 0x00, 0x36, 0x01, 0x37, 0x65, 0x01, 0x01, 0x20, 0x10, 0x01, 0x01, 0x9f, 0x00, 0x01,
    0x01, 0x02, 0x50, 0x01, 0x01, 0x08, 0x50, 0x01, 0x01, 0xa8, 0x00, 0x01, 0x01, 0x01, 0xa1, 0x01,
    0x01, 0x0f, 0xff, 0x02, 0x14, 0x00, 0x01, 0x01, 0x01, 0xe1, 0x00,
};

static const uint8_t prog_setparams_150_gray[481] = {
    0x01, 0x20, 0x01, 0xa0, 0x02, 0x70, 0x03, 0x92, 0x04, 0x10, 0x05, 0x00, 0x06, 0x50, 0x08, 0x10,
    0x09, 0x00, 0x0a, 0x00, 0x0c, 0x00, 0x0b, 0x09, 0x0d, 0x00, 0x10, 0x00, 0x11, 0x00, 0x12, 0x00,
    0x13, 0x00, 0x14, 0x00, 0x15, 0x00, 0x16, 0x00, 0x17, 0x01, 0x18, 0x04, 0x19, 0xe0, 0x1a, 0x26,
    0x1b, 0x00, 0x1c, 0x00, 0x1d, 0x0f, 0x1e, 0x10, 0x1f, 0x01, 0x20, 0x10, 0x21, 0x04, 0x22, 0x50,
    0x23, 0x50, 0x01, 0x20, 0x24, 0x04, 0x25, 0x00, 0x26, 0x00, 0x27, 0x00, 0x2c, 0x02, 0x2d, 0x58,
    0x2e, 0x80, 0x2f, 0x80, 0x30, 0x00, 0x31, 0x14, 0x32, 0x27, 0x33, 0xec, 0x34, 0x1f, 0x35, 0x00,
    0x36, 0x40, 0x37, 0x00, 0x38, 0x54, 0x39, 0x60, 0x3d, 0x00, 0x3e, 0x00, 0x3f, 0x01, 0x52, 0x00,
    0x53, 0x01, 0x54, 0x02, 0x55, 0x03, 0x56, 0x04, 0x57, 0x05, 0x58, 0x31, 0x59, 0x00, 0x5a, 0x40,
    0x5e, 0x88, 0x5f, 0x01, 0x01, 0x20, 0x66, 0x00, 0x67, 0x3f, 0x68, 0x3f, 0x69, 0x01, 0x6a, 0x04,
    0x6b, 0x01, 0x6e, 0x6b, 0x6c, 0x41, 0x6f, 0x80, 0x6d, 0x80, 0x70, 0x04, 0x71, 0x06, 0x72, 0x07,
    0x73, 0x08, 0x74, 0x00, 0x75, 0x00, 0x76, 0x00, 0x77, 0x00, 0x78, 0x07, 0x79, 0xfc, 0x7a, 0x03,
    0x7b, 0xff, 0x7c, 0xff, 0x87, 0x04, 0x9d, 0x00, 0x9e, 0x00, 0x9f, 0x00, 0xa2, 0x0f, 0xa8, 0x00,
    0xa9, 0x40, 0xab, 0x30, 0xad, 0x08, 0x01, 0x04, 0xae, 0x3f, 0xb8, 0x03, 0xbd, 0x00, 0xbe, 0x47,
    0x01, 0x1b, 0x51, 0x01, 0x3a, 0x00, 0x3b, 0x35, 0x51, 0x02, 0x3a, 0x00, 0x3b, 0x80, 0x51, 0x03,
    0x3a, 0x00, 0x3b, 0x04, 0x51, 0x20, 0x3a, 0x00, 0x3b, 0x80, 0x51, 0x21, 0x3a, 0x00, 0x3b, 0x80,
    0x51, 0x22, 0x3a, 0x00, 0x3b, 0x80, 0x51, 0x28, 0x3a, 0x00, 0x3b, 0xbb, 0x51, 0x29, 0x3a, 0x00,
    0x3b, 0x4b, 0x51, 0x2a, 0x3a, 0x00, 0x3b, 0x4b, 0x01, 0x1b, 0x51, 0x01, 0x3a, 0x00, 0x3b, 0x35,
    0x51, 0x02, 0x3a, 0x00, 0x3b, 0x88, 0x51, 0x03, 0x3a, 0x00, 0x3b, 0x02, 0x51, 0x20, 0x3a, 0x00,
    0x3b, 0x80, 0x51, 0x21, 0x3a, 0x00, 0x3b, 0x70, 0x51, 0x22, 0x3a, 0x00, 0x3b, 0x70, 0x51, 0x28,
    0x3a, 0x00, 0x3b, 0x4b, 0x51, 0x29, 0x3a, 0x00, 0x3b, 0xd5, 0x51, 0x2a, 0x3a, 0x00, 0x3b, 0xd5,
    0x01, 0x1e, 0x51, 0x01, 0x3a, 0x00, 0x3b, 0x3d, 0x51, 0x02, 0x3a, 0x00, 0x3b, 0x88, 0x51, 0x03,
    0x3a, 0x00, 0x3b, 0x02, 0x51, 0x09, 0x3a, 0x00, 0x3b, 0x06, 0x51, 0x20, 0x3a, 0x00, 0x3b, 0x60,
    0x51, 0x21, 0x3a, 0x00, 0x3b, 0x80, 0x51, 0x22, 0x3a, 0x00, 0x3b, 0x80, 0x51, 0x28, 0x3a, 0x00,
    0x3b, 0x4b, 0x51, 0x29, 0x3a, 0x00, 0x3b, 0xd5, 0x51, 0x2a, 0x3a, 0x00, 0x3b, 0xd5, 0x01, 0x01,
    0x0b, 0x09, 0x03, 0x10, 0x0a, 0x03, 0x13, 0x0e, 0x01, 0x01, 0xd0, 0x0a, 0x01, 0x01, 0xd1, 0x0d,
    0x01, 0x01, 0xd2, 0x10, 0x01, 0x02, 0xe0, 0x00, 0xe1, 0x4c, 0x01, 0x02, 0xe2, 0x02, 0xe3, 0x25,
    0x01, 0x02, 0xe4, 0x02, 0xe5, 0x26, 0x01, 0x02, 0xe6, 0x03, 0xe7, 0xff, 0x01, 0x02, 0xe8, 0x00,
    0xe9, 0x4c, 0x01, 0x02, 0xea, 0x02, 0xeb, 0x25, 0x01, 0x02, 0xec, 0x02, 0xed, 0x26, 0x01, 0x02,
    0xee, 0x03, 0xef, 0xff, 0x01, 0x02, 0xf0, 0x00, 0xf1, 0x4c, 0x01, 0x02, 0xf2, 0x02, 0xf3, 0x25,
    0x01, 0x02, 0xf4, 0x02, 0xf5, 0x26, 0x01, 0x02, 0xf6, 0x03, 0xf7, 0xff, 0x01, 0x01, 0xf8, 0x01,
    0x00,
};
static const uint8_t prog_calib_150_gray[720] = {
    0x01, 0x20, 0x01, 0xa0, 0x02, 0x70, 0x03, 0x92, 0x04, 0x10, 0x05, 0x00, 0x06, 0x50, 0x08, 0x10,
    0x09, 0x00, 0x0a, 0x00, 0x0c, 0x00, 0x0b, 0x09, 0x0d, 0x00, 0x10, 0x00, 0x11, 0x00, 0x12, 0x00,
    0x13, 0x00, 0x14, 0x00, 0x15, 0x00, 0x16, 0x00, 0x17, 0x01, 0x18, 0x04, 0x19, 0xe0, 0x1a, 0x26,
    0x1b, 0x00, 0x1c, 0x00, 0x1d, 0x0f, 0x1e, 0x10, 0x1f, 0x01, 0x20, 0x10, 0x21, 0x04, 0x22, 0x50,
    0x23, 0x50, 0x01, 0x20, 0x24, 0x04, 0x25, 0x00, 0x26, 0x00, 0x27, 0x00, 0x2c, 0x02, 0x2d, 0x58,
    0x2e, 0x80, 0x2f, 0x80, 0x30, 0x00, 0x31, 0x14, 0x32, 0x27, 0x33, 0xec, 0x34, 0x1f, 0x35, 0x00,
    0x36, 0x40, 0x37, 0x00, 0x38, 0x54, 0x39, 0x60, 0x3d, 0x00, 0x3e, 0x00, 0x3f, 0x01, 0x52, 0x00,
    0x53, 0x01, 0x54, 0x02, 0x55, 0x03, 0x56, 0x04, 0x57, 0x05, 0x58, 0x31, 0x59, 0x00, 0x5a, 0x40,
    0x5e, 0x88, 0x5f, 0x01, 0x01, 0x20, 0x66, 0x00, 0x67, 0x3f, 0x68, 0x3f, 0x69, 0x01, 0x6a, 0x04,
    0x6b, 0x01, 0x6e, 0x6b, 0x6c, 0x41, 0x6f, 0x80, 0x6d, 0x80, 0x70, 0x04, 0x71, 0x06, 0x72, 0x07,
    0x73, 0x08, 0x74, 0x00, 0x75, 0x00, 0x76, 0x00, 0x77, 0x00, 0x78, 0x07, 0x79, 0xfc, 0x7a, 0x03,
    0x7b, 0xff, 0x7c, 0xff, 0x87, 0x04, 0x9d, 0x00, 0x9e, 0x00, 0x9f, 0x00, 0xa2, 0x0f, 0xa8, 0x00,
    0xa9, 0x40, 0xab, 0x30, 0xad, 0x08, 0x01, 0x04, 0xae, 0x3f, 0xb8, 0x03, 0xbd, 0x00, 0xbe, 0x47,
    0x01, 0x1b, 0x51, 0x01, 0x3a, 0x00, 0x3b, 0x35, 0x51, 0x02, 0x3a, 0x00, 0x3b, 0x80, 0x51, 0x03,
    0x3a, 0x00, 0x3b, 0x04, 0x51, 0x20, 0x3a, 0x00, 0x3b, 0x80, 0x51, 0x21, 0x3a, 0x00, 0x3b, 0x80,
    0x51, 0x22, 0x3a, 0x00, 0x3b, 0x80, 0x51, 0x28, 0x3a, 0x00, 0x3b, 0xbb, 0x51, 0x29, 0x3a, 0x00,
    0x3b, 0x4b, 0x51, 0x2a, 0x3a, 0x00, 0x3b, 0x4b, 0x01, 0x1b, 0x51, 0x01, 0x3a, 0x00, 0x3b, 0x35,
    0x51, 0x02, 0x3a, 0x00, 0x3b, 0x88, 0x51, 0x03, 0x3a, 0x00, 0x3b, 0x02, 0x51, 0x20, 0x3a, 0x00,
    0x3b, 0x80, 0x51, 0x21, 0x3a, 0x00, 0x3b, 0x70, 0x51, 0x22, 0x3a, 0x00, 0x3b, 0x70, 0x51, 0x28,
    0x3a, 0x00, 0x3b, 0x4b, 0x51, 0x29, 0x3a, 0x00, 0x3b, 0xd5, 0x51, 0x2a, 0x3a, 0x00, 0x3b, 0xd5,
    0x01, 0x1e, 0x51, 0x01, 0x3a, 0x00, 0x3b, 0x3d, 0x51, 0x02, 0x3a, 0x00, 0x3b, 0x88, 0x51, 0x03,
    0x3a, 0x00, 0x3b, 0x02, 0x51, 0x09, 0x3a, 0x00, 0x3b, 0x06, 0x51, 0x20, 0x3a, 0x00, 0x3b, 0x60,
    0x51, 0x21, 0x3a, 0x00, 0x3b, 0x80, 0x51, 0x22, 0x3a, 0x00, 0x3b, 0x80, 0x51, 0x28, 0x3a, 0x00,
    0x3b, 0x4b, 0x51, 0x29, 0x3a, 0x00, 0x3b, 0xd5, 0x51, 0x2a, 0x3a, 0x00, 0x3b, 0xd5, 0x01, 0x01,
    0x0b, 0x09, 0x03, 0x10, 0x0a, 0x03, 0x13, 0x0e, 0x01, 0x01, 0xd0, 0x0a, 0x01, 0x01, 0xd1, 0x0d,
    0x01, 0x01, 0xd2, 0x10, 0x01, 0x02, 0xe0, 0x00, 0xe1, 0x4c, 0x01, 0x02, 0xe2, 0x02, 0xe3, 0x25,
    0x01, 0x02, 0xe4, 0x02, 0xe5, 0x26, 0x01, 0x02, 0xe6, 0x03, 0xe7, 0xff, 0x01, 0x02, 0xe8, 0x00,
    0xe9, 0x4c, 0x01, 0x02, 0xea, 0x02, 0xeb, 0x25, 0x01, 0x02, 0xec, 0x02, 0xed, 0x26, 0x01, 0x02,
    0xee, 0x03, 0xef, 0xff, 0x01, 0x02, 0xf0, 0x00, 0xf1, 0x4c, 0x01, 0x02, 0xf2, 0x02, 0xf3, 0x25,
    0x01, 0x02, 0xf4, 0x02, 0xf5, 0x26, 0x01, 0x02, 0xf6, 0x03, 0xf7, 0xff, 0x01, 0x01, 0xf8, 0x01,
    0x01, 0x01, 0xa7, 0x01, 0x01, 0x01, 0xa6, 0x1d, 0x01, 0x12, 0x51, 0x20, 0x3a, 0x00, 0x3b, 0x60,
    0x51, 0x28, 0x3a, 0x00, 0x3b, 0x4b, 0x51, 0x21, 0x3a, 0x00, 0x3b, 0x80, 0x51, 0x29, 0x3a, 0x00,
    0x3b, 0xd5, 0x51, 0x22, 0x3a, 0x00, 0x3b, 0x80, 0x51, 0x2a, 0x3a, 0x00, 0x3b, 0xd5, 0x01, 0x01,
    0xd0, 0x0a, 0x01, 0x01, 0xd1, 0x0d, 0x01, 0x01, 0xd2, 0x10, 0x01, 0x02, 0xe0, 0x00, 0xe1, 0x4c,
    0x01, 0x02, 0xe2, 0x02, 0xe3, 0x25, 0x01, 0x02, 0xe4, 0x02, 0xe5, 0x26, 0x01, 0x02, 0xe6, 0x03,
    0xe7, 0xff, 0x01, 0x02, 0xe8, 0x00, 0xe9, 0x4c, 0x01, 0x02, 0xea, 0x02, 0xeb, 0x25, 0x01, 0x02,
    0xec, 0x02, 0xed, 0x26, 0x01, 0x02, 0xee, 0x03, 0xef, 0xff, 0x01, 0x02, 0xf0, 0x00, 0xf1, 0x4c,
    0x01, 0x02, 0xf2, 0x02, 0xf3, 0x25, 0x01, 0x02, 0xf4, 0x02, 0xf5, 0x26, 0x01, 0x02, 0xf6, 0x03,
    0xf7, 0xff, 0x01, 0x01, 0xf8, 0x01, 0x01, 0x01, 0x6e, 0x6f, 0x01, 0x01, 0x7e, 0x02, 0x01, 0x01,
    0x7f, 0x0b, 0x02, 0x0a, 0x00, 0x02, 0x0a, 0x00, 0x05, 0x06, 0x00, 0x00, 0x40, 0x01, 0x10, 0x38,
    0x2a, 0x00, 0x00, 0x00, 0x00, 0x00, 0x00, 0x00, 0x02, 0x64, 0x00, 0x06, 0x01, 0x00, 0xa0, 0x01,
    0x10, 0x38, 0x2a, 0x00, 0x00, 0x00, 0x00, 0x00, 0x00, 0x00, 0x02, 0x64, 0x00, 0x06, 0x02, 0x00,
    0x00, 0x02, 0x10, 0x38, 0x2a, 0x00, 0x00, 0x00, 0x00, 0x00, 0x00, 0x00, 0x02, 0x64, 0x00, 0x01,
    0x01, 0x01, 0xa0, 0x01, 0x01, 0x02, 0x70, 0x01, 0x01, 0x1e, 0x10, 0x01, 0x01, 0x9d, 0x00, 0x01,
    0x01, 0x6e, 0x6f, 0x01, 0x01, 0x7e, 0x00, 0x01, 0x01, 0xa7, 0x00, 0x01, 0x01, 0xa6, 0x1c, 0x00,
};
static const uint8_t prog_start_150_gray[1883] = {
    0x01, 0x01, 0x80, 0x00, 0x01, 0x01, 0x80, 0x00, 0x01, 0x01, 0x60, 0x20, 0x01, 0x01, 0x63, 0x00,
    0x01, 0x01, 0x0d, 0x00, 0x01, 0x01, 0x6f, 0x80, 0x01, 0x01, 0x6d, 0x9f, 0x02, 0xf4, 0x01, 0x04,
    0x00, 0x00, 0x00, 0x01, 0x00, 0x02, 0x00, 0x00, 0x00, 0x00, 0x00, 0x00, 0x5d, 0x01, 0xd6, 0x04,
    0x00, 0x08, 0xed, 0x0a, 0xae, 0x0d, 0x49, 0x10, 0xc6, 0x12, 0x29, 0x15, 0x75, 0x17, 0xaf, 0x19,
    0xd5, 0x1b, 0xed, 0x1d, 0xf6, 0x1f, 0xf3, 0x21, 0xe3, 0x23, 0xc9, 0x25, 0xa4, 0x27, 0x78, 0x29,
    0x41, 0x2b, 0x03, 0x2d, 0xbd, 0x2e, 0x70, 0x30, 0x1c, 0x32, 0xc2, 0x33, 0x61, 0x35, 0xfc, 0x36,
    0x90, 0x38, 0x20, 0x3a, 0xaa, 0x3b, 0x30, 0x3d, 0xb1, 0x3e, 0x2e, 0x40, 0xa6, 0x41, 0x1b, 0x43,
    0x8b, 0x44, 0xf9, 0x45, 0x61, 0x47, 0xc8, 0x48, 0x2a, 0x4a, 0x8a, 0x4b, 0xe7, 0x4c, 0x40, 0x4e,
    0x96, 0x4f, 0xea, 0x50, 0x3a, 0x52, 0x88, 0x53, 0xd4, 0x54, 0x1d, 0x56, 0x63, 0x57, 0xa7, 0x58,
    0xe9, 0x59, 0x29, 0x5b, 0x65, 0x5c, 0xa1, 0x5d, 0xda, 0x5e, 0x10, 0x60, 0x46, 0x61, 0x79, 0x62,
    0xaa, 0x63, 0xd9, 0x64, 0x07, 0x66, 0x31, 0x67, 0x5c, 0x68, 0x83, 0x69, 0xab, 0x6a, 0xcf, 0x6b,
    0xf3, 0x6c, 0x14, 0x6e, 0x34, 0x6f, 0x52, 0x70, 0x70, 0x71, 0x8c, 0x72, 0xa6, 0x73, 0xbf, 0x74,
    0xd5, 0x75, 0xec, 0x76, 0x00, 0x78, 0x14, 0x79, 0x26, 0x7a, 0x37, 0x7b, 0x46, 0x7c, 0x55, 0x7d,
    0x61, 0x7e, 0x6e, 0x7f, 0x79, 0x80, 0x82, 0x81, 0x8b, 0x82, 0x92, 0x83, 0x98, 0x84, 0x9e, 0x85,
    0xa2, 0x86, 0xa5, 0x87, 0xa7, 0x88, 0xa8, 0x89, 0xa8, 0x8a, 0xa8, 0x8b, 0xa6, 0x8c, 0xa3, 0x8d,
    0x9f, 0x8e, 0x9a, 0x8f, 0x95, 0x90, 0x8e, 0x91, 0x86, 0x92, 0x7f, 0x93, 0x75, 0x94, 0x6a, 0x95,
    0x60, 0x96, 0x54, 0x97, 0x47, 0x98, 0x3a, 0x99, 0x2c, 0x9a, 0x1d, 0x9b, 0x0d, 0x9c, 0xfd, 0x9c,
    0xeb, 0x9d, 0xd9, 0x9e, 0xc7, 0x9f, 0xb2, 0xa0, 0x9e, 0xa1, 0x89, 0xa2, 0x73, 0xa3, 0x5d, 0xa4,
    0x45, 0xa5, 0x2d, 0xa6, 0x15, 0xa7, 0xfb, 0xa7, 0xe2, 0xa8, 0xc7, 0xa9, 0xab, 0xaa, 0x90, 0xab,
    0x72, 0xac, 0x56, 0xad, 0x37, 0xae, 0x19, 0xaf, 0xfa, 0xaf, 0xda, 0xb0, 0xba, 0xb1, 0x99, 0xb2,
    0x78, 0xb3, 0x56, 0xb4, 0x33, 0xb5, 0x10, 0xb6, 0xeb, 0xb6, 0xc7, 0xb7, 0xa2, 0xb8, 0x7d, 0xb9,
    0x56, 0xba, 0x30, 0xbb, 0x08, 0xbc, 0xe1, 0xbc, 0xb8, 0xbd, 0x90, 0xbe, 0x66, 0xbf, 0x3c, 0xc0,
    0x11, 0xc1, 0xe6, 0xc1, 0xbb, 0xc2, 0x90, 0xc3, 0x64, 0xc4, 0x36, 0xc5, 0x09, 0xc6, 0xdb, 0xc6,
    0xad, 0xc7, 0x7e, 0xc8, 0x4e, 0xc9, 0x1f, 0xca, 0xef, 0xca, 0xbe, 0xcb, 0x8d, 0xcc, 0x5b, 0xcd,
    0x29, 0xce, 0xf7, 0xce, 0xc3, 0xcf, 0x91, 0xd0, 0x5d, 0xd1, 0x28, 0xd2, 0xf3, 0xd2, 0xbf, 0xd3,
    0x89, 0xd4, 0x53, 0xd5, 0x1d, 0xd6, 0xe6, 0xd6, 0xaf, 0xd7, 0x78, 0xd8, 0x3f, 0xd9, 0x07, 0xda,
    0xce, 0xda, 0x95, 0xdb, 0x5b, 0xdc, 0x22, 0xdd, 0xe8, 0xdd, 0xac, 0xde, 0x72, 0xdf, 0x36, 0xe0,
    0xfa, 0xe0, 0xbe, 0xe1, 0x81, 0xe2, 0x44, 0xe3, 0x07, 0xe4, 0xc9, 0xe4, 0x8b, 0xe5, 0x4d, 0xe6,
    0x0e, 0xe7, 0xcf, 0xe7, 0x8f, 0xe8, 0x4f, 0xe9, 0x0f, 0xea, 0xce, 0xea, 0x8e, 0xeb, 0x4d, 0xec,
    0x0b, 0xed, 0xc9, 0xed, 0x87, 0xee, 0x45, 0xef, 0x01, 0xf0, 0xbe, 0xf0, 0x7b, 0xf1, 0x38, 0xf2,
    0xf3, 0xf2, 0xaf, 0xf3, 0x6a, 0xf4, 0x25, 0xf5, 0xdf, 0xf5, 0x9a, 0xf6, 0x53, 0xf7, 0x0e, 0xf8,
    0xc6, 0xf8, 0x7f, 0xf9, 0x39, 0xfa, 0xcc, 0xfa, 0xcc, 0xfa, 0xcc, 0xfa, 0xcc, 0xfa, 0xcc, 0xfa,
    0xcc, 0xfa, 0xcc, 0xfa, 0xcc, 0xfa, 0xcc, 0xfa, 0xcc, 0xfa, 0xcc, 0xfa, 0xcc, 0xfa, 0xcc, 0xfa,
    0xcc, 0xfa, 0xcc, 0xfa, 0xcc, 0xfa, 0xcc, 0xfa, 0xcc, 0xfa, 0xcc, 0xfa, 0xcc, 0xfa, 0xcc, 0xfa,
    0xcc, 0xfa, 0xcc, 0xfa, 0xcc, 0xfa, 0x04, 0x00, 0x02, 0x00, 0x01, 0x00, 0x02, 0x00, 0x00, 0x00,
    0x00, 0x00, 0x00, 0x5d, 0x01, 0xd6, 0x04, 0x00, 0x08, 0xed, 0x0a, 0xae, 0x0d, 0x49, 0x10, 0xc6,
    0x12, 0x29, 0x15, 0x75, 0x17, 0xaf, 0x19, 0xd5, 0x1b, 0xed, 0x1d, 0xf6, 0x1f, 0xf3, 0x21, 0xe3,
    0x23, 0xc9, 0x25, 0xa4, 0x27, 0x78, 0x29, 0x41, 0x2b, 0x03, 0x2d, 0xbd, 0x2e, 0x70, 0x30, 0x1c,
    0x32, 0xc2, 0x33, 0x61, 0x35, 0xfc, 0x36, 0x90, 0x38, 0x20, 0x3a, 0xaa, 0x3b, 0x30, 0x3d, 0xb1,
    0x3e, 0x2e, 0x40, 0xa6, 0x41, 0x1b, 0x43, 0x8b, 0x44, 0xf9, 0x45, 0x61, 0x47, 0xc8, 0x48, 0x2a,
    0x4a, 0x8a, 0x4b, 0xe7, 0x4c, 0x40, 0x4e, 0x96, 0x4f, 0xea, 0x50, 0x3a, 0x52, 0x88, 0x53, 0xd4,
    0x54, 0x1d, 0x56, 0x63, 0x57, 0xa7, 0x58, 0xe9, 0x59, 0x29, 0x5b, 0x65, 0x5c, 0xa1, 0x5d, 0xda,
    0x5e, 0x10, 0x60, 0x46, 0x61, 0x79, 0x62, 0xaa, 0x63, 0xd9, 0x64, 0x07, 0x66, 0x31, 0x67, 0x5c,
    0x68, 0x83, 0x69, 0xab, 0x6a, 0xcf, 0x6b, 0xf3, 0x6c, 0x14, 0x6e, 0x34, 0x6f, 0x52, 0x70, 0x70,
    0x71, 0x8c, 0x72, 0xa6, 0x73, 0xbf, 0x74, 0xd5, 0x75, 0xec, 0x76, 0x00, 0x78, 0x14, 0x79, 0x26,
    0x7a, 0x37, 0x7b, 0x46, 0x7c, 0x55, 0x7d, 0x61, 0x7e, 0x6e, 0x7f, 0x79, 0x80, 0x82, 0x81, 0x8b,
    0x82, 0x92, 0x83, 0x98, 0x84, 0x9e, 0x85, 0xa2, 0x86, 0xa5, 0x87, 0xa7, 0x88, 0xa8, 0x89, 0xa8,
    0x8a, 0xa8, 0x8b, 0xa6, 0x8c, 0xa3, 0x8d, 0x9f, 0x8e, 0x9a, 0x8f, 0x95, 0x90, 0x8e, 0x91, 0x86,
    0x92, 0x7f, 0x93, 0x75, 0x94, 0x6a, 0x95, 0x60, 0x96, 0x54, 0x97, 0x47, 0x98, 0x3a, 0x99, 0x2c,
    0x9a, 0x1d, 0x9b, 0x0d, 0x9c, 0xfd, 0x9c, 0xeb, 0x9d, 0xd9, 0x9e, 0xc7, 0x9f, 0xb2, 0xa0, 0x9e,
    0xa1, 0x89, 0xa2, 0x73, 0xa3, 0x5d, 0xa4, 0x45, 0xa5, 0x2d, 0xa6, 0x15, 0xa7, 0xfb, 0xa7, 0xe2,
    0xa8, 0xc7, 0xa9, 0xab, 0xaa, 0x90, 0xab, 0x72, 0xac, 0x56, 0xad, 0x37, 0xae, 0x19, 0xaf, 0xfa,
    0xaf, 0xda, 0xb0, 0xba, 0xb1, 0x99, 0xb2, 0x78, 0xb3, 0x56, 0xb4, 0x33, 0xb5, 0x10, 0xb6, 0xeb,
    0xb6, 0xc7, 0xb7, 0xa2, 0xb8, 0x7d, 0xb9, 0x56, 0xba, 0x30, 0xbb, 0x08, 0xbc, 0xe1, 0xbc, 0xb8,
    0xbd, 0x90, 0xbe, 0x66, 0xbf, 0x3c, 0xc0, 0x11, 0xc1, 0xe6, 0xc1, 0xbb, 0xc2, 0x90, 0xc3, 0x64,
    0xc4, 0x36, 0xc5, 0x09, 0xc6, 0xdb, 0xc6, 0xad, 0xc7, 0x7e, 0xc8, 0x4e, 0xc9, 0x1f, 0xca, 0xef,
    0xca, 0xbe, 0xcb, 0x8d, 0xcc, 0x5b, 0xcd, 0x29, 0xce, 0xf7, 0xce, 0xc3, 0xcf, 0x91, 0xd0, 0x5d,
    0xd1, 0x28, 0xd2, 0xf3, 0xd2, 0xbf, 0xd3, 0x89, 0xd4, 0x53, 0xd5, 0x1d, 0xd6, 0xe6, 0xd6, 0xaf,
    0xd7, 0x78, 0xd8, 0x3f, 0xd9, 0x07, 0xda, 0xce, 0xda, 0x95, 0xdb, 0x5b, 0xdc, 0x22, 0xdd, 0xe8,
    0xdd, 0xac, 0xde, 0x72, 0xdf, 0x36, 0xe0, 0xfa, 0xe0, 0xbe, 0xe1, 0x81, 0xe2, 0x44, 0xe3, 0x07,
    0xe4, 0xc9, 0xe4, 0x8b, 0xe5, 0x4d, 0xe6, 0x0e, 0xe7, 0xcf, 0xe7, 0x8f, 0xe8, 0x4f, 0xe9, 0x0f,
    0xea, 0xce, 0xea, 0x8e, 0xeb, 0x4d, 0xec, 0x0b, 0xed, 0xc9, 0xed, 0x87, 0xee, 0x45, 0xef, 0x01,
    0xf0, 0xbe, 0xf0, 0x7b, 0xf1, 0x38, 0xf2, 0xf3, 0xf2, 0xaf, 0xf3, 0x6a, 0xf4, 0x25, 0xf5, 0xdf,
    0xf5, 0x9a, 0xf6, 0x53, 0xf7, 0x0e, 0xf8, 0xc6, 0xf8, 0x7f, 0xf9, 0x39, 0xfa, 0xcc, 0xfa, 0xcc,
    0xfa, 0xcc, 0xfa, 0xcc, 0xfa, 0xcc, 0xfa, 0xcc, 0xfa, 0xcc, 0xfa, 0xcc, 0xfa, 0xcc, 0xfa, 0xcc,
    0xfa, 0xcc, 0xfa, 0xcc, 0xfa, 0xcc, 0xfa, 0xcc, 0xfa, 0xcc, 0xfa, 0xcc, 0xfa, 0xcc, 0xfa, 0xcc,
    0xfa, 0xcc, 0xfa, 0xcc, 0xfa, 0xcc, 0xfa, 0xcc, 0xfa, 0xcc, 0xfa, 0xcc, 0xfa, 0x04, 0x00, 0x04,
    0x00, 0x01, 0x00, 0x02, 0x00, 0x00, 0x00, 0x00, 0x00, 0x00, 0x5d, 0x01, 0xd6, 0x04, 0x00, 0x08,
    0xed, 0x0a, 0xae, 0x0d, 0x49, 0x10, 0xc6, 0x12, 0x29, 0x15, 0x75, 0x17, 0xaf, 0x19, 0xd5, 0x1b,
    0xed, 0x1d, 0xf6, 0x1f, 0xf3, 0x21, 0xe3, 0x23, 0xc9, 0x25, 0xa4, 0x27, 0x78, 0x29, 0x41, 0x2b,
    0x03, 0x2d, 0xbd, 0x2e, 0x70, 0x30, 0x1c, 0x32, 0xc2, 0x33, 0x61, 0x35, 0xfc, 0x36, 0x90, 0x38,
    0x20, 0x3a, 0xaa, 0x3b, 0x30, 0x3d, 0xb1, 0x3e, 0x2e, 0x40, 0xa6, 0x41, 0x1b, 0x43, 0x8b, 0x44,
    0xf9, 0x45, 0x61, 0x47, 0xc8, 0x48, 0x2a, 0x4a, 0x8a, 0x4b, 0xe7, 0x4c, 0x40, 0x4e, 0x96, 0x4f,
    0xea, 0x50, 0x3a, 0x52, 0x88, 0x53, 0xd4, 0x54, 0x1d, 0x56, 0x63, 0x57, 0xa7, 0x58, 0xe9, 0x59,
    0x29, 0x5b, 0x65, 0x5c, 0xa1, 0x5d, 0xda, 0x5e, 0x10, 0x60, 0x46, 0x61, 0x79, 0x62, 0xaa, 0x63,
    0xd9, 0x64, 0x07, 0x66, 0x31, 0x67, 0x5c, 0x68, 0x83, 0x69, 0xab, 0x6a, 0xcf, 0x6b, 0xf3, 0x6c,
    0x14, 0x6e, 0x34, 0x6f, 0x52, 0x70, 0x70, 0x71, 0x8c, 0x72, 0xa6, 0x73, 0xbf, 0x74, 0xd5, 0x75,
    0xec, 0x76, 0x00, 0x78, 0x14, 0x79, 0x26, 0x7a, 0x37, 0x7b, 0x46, 0x7c, 0x55, 0x7d, 0x61, 0x7e,
    0x6e, 0x7f, 0x79, 0x80, 0x82, 0x81, 0x8b, 0x82, 0x92, 0x83, 0x98, 0x84, 0x9e, 0x85, 0xa2, 0x86,
    0xa5, 0x87, 0xa7, 0x88, 0xa8, 0x89, 0xa8, 0x8a, 0xa8, 0x8b, 0xa6, 0x8c, 0xa3, 0x8d, 0x9f, 0x8e,
    0x9a, 0x8f, 0x95, 0x90, 0x8e, 0x91, 0x86, 0x92, 0x7f, 0x93, 0x75, 0x94, 0x6a, 0x95, 0x60, 0x96,
    0x54, 0x97, 0x47, 0x98, 0x3a, 0x99, 0x2c, 0x9a, 0x1d, 0x9b, 0x0d, 0x9c, 0xfd, 0x9c, 0xeb, 0x9d,
    0xd9, 0x9e, 0xc7, 0x9f, 0xb2, 0xa0, 0x9e, 0xa1, 0x89, 0xa2, 0x73, 0xa3, 0x5d, 0xa4, 0x45, 0xa5,
    0x2d, 0xa6, 0x15, 0xa7, 0xfb, 0xa7, 0xe2, 0xa8, 0xc7, 0xa9, 0xab, 0xaa, 0x90, 0xab, 0x72, 0xac,
    0x56, 0xad, 0x37, 0xae, 0x19, 0xaf, 0xfa, 0xaf, 0xda, 0xb0, 0xba, 0xb1, 0x99, 0xb2, 0x78, 0xb3,
    0x56, 0xb4, 0x33, 0xb5, 0x10, 0xb6, 0xeb, 0xb6, 0xc7, 0xb7, 0xa2, 0xb8, 0x7d, 0xb9, 0x56, 0xba,
    0x30, 0xbb, 0x08, 0xbc, 0xe1, 0xbc, 0xb8, 0xbd, 0x90, 0xbe, 0x66, 0xbf, 0x3c, 0xc0, 0x11, 0xc1,
    0xe6, 0xc1, 0xbb, 0xc2, 0x90, 0xc3, 0x64, 0xc4, 0x36, 0xc5, 0x09, 0xc6, 0xdb, 0xc6, 0xad, 0xc7,
    0x7e, 0xc8, 0x4e, 0xc9, 0x1f, 0xca, 0xef, 0xca, 0xbe, 0xcb, 0x8d, 0xcc, 0x5b, 0xcd, 0x29, 0xce,
    0xf7, 0xce, 0xc3, 0xcf, 0x91, 0xd0, 0x5d, 0xd1, 0x28, 0xd2, 0xf3, 0xd2, 0xbf, 0xd3, 0x89, 0xd4,
    0x53, 0xd5, 0x1d, 0xd6, 0xe6, 0xd6, 0xaf, 0xd7, 0x78, 0xd8, 0x3f, 0xd9, 0x07, 0xda, 0xce, 0xda,
    0x95, 0xdb, 0x5b, 0xdc, 0x22, 0xdd, 0xe8, 0xdd, 0xac, 0xde, 0x72, 0xdf, 0x36, 0xe0, 0xfa, 0xe0,
    0xbe, 0xe1, 0x81, 0xe2, 0x44, 0xe3, 0x07, 0xe4, 0xc9, 0xe4, 0x8b, 0xe5, 0x4d, 0xe6, 0x0e, 0xe7,
    0xcf, 0xe7, 0x8f, 0xe8, 0x4f, 0xe9, 0x0f, 0xea, 0xce, 0xea, 0x8e, 0xeb, 0x4d, 0xec, 0x0b, 0xed,
    0xc9, 0xed, 0x87, 0xee, 0x45, 0xef, 0x01, 0xf0, 0xbe, 0xf0, 0x7b, 0xf1, 0x38, 0xf2, 0xf3, 0xf2,
    0xaf, 0xf3, 0x6a, 0xf4, 0x25, 0xf5, 0xdf, 0xf5, 0x9a, 0xf6, 0x53, 0xf7, 0x0e, 0xf8, 0xc6, 0xf8,
    0x7f, 0xf9, 0x39, 0xfa, 0xcc, 0xfa, 0xcc, 0xfa, 0xcc, 0xfa, 0xcc, 0xfa, 0xcc, 0xfa, 0xcc, 0xfa,
    0xcc, 0xfa, 0xcc, 0xfa, 0xcc, 0xfa, 0xcc, 0xfa, 0xcc, 0xfa, 0xcc, 0xfa, 0xcc, 0xfa, 0xcc, 0xfa,
    0xcc, 0xfa, 0xcc, 0xfa, 0xcc, 0xfa, 0xcc, 0xfa, 0xcc, 0xfa, 0xcc, 0xfa, 0xcc, 0xfa, 0xcc, 0xfa,
    0xcc, 0xfa, 0xcc, 0xfa, 0x02, 0x64, 0x00, 0x01, 0x14, 0x05, 0x08, 0xc5, 0x00, 0xc6, 0x00, 0xbd,
    0x00, 0xbe, 0x47, 0xc7, 0x00, 0xc8, 0x00, 0xc9, 0x00, 0xca, 0x00, 0x04, 0x14, 0x34, 0x1f, 0x30,
    0x00, 0x31, 0x9f, 0x32, 0x0a, 0x33, 0x8f, 0x2c, 0x01, 0x2d, 0x2c, 0x3d, 0x00, 0x3e, 0x00, 0x3f,
    0x01, 0x01, 0x02, 0x09, 0x00, 0xa0, 0x00, 0x07, 0x01, 0x01, 0x10, 0x00, 0x01, 0x01, 0x9d, 0x00,
    0x04, 0x00, 0x00, 0x00, 0x10, 0x20, 0x00, 0x8c, 0x0a, 0x8c, 0x0a, 0x8c, 0x0a, 0x8c, 0x0a, 0x8c,
    0x0a, 0x8c, 0x0a, 0x8c, 0x0a, 0x8c, 0x0a, 0x8c, 0x0a, 0x8c, 0x0a, 0x8c, 0x0a, 0x8c, 0x0a, 0x8c,
    0x0a, 0x8c, 0x0a, 0x8c, 0x0a, 0x8c, 0x0a, 0x04, 0x00, 0x80, 0x00, 0x10, 0x10, 0x00, 0x8c, 0x0a,
    0x8c, 0x0a, 0x8c, 0x0a, 0x8c, 0x0a, 0x8c, 0x0a, 0x8c, 0x0a, 0x8c, 0x0a, 0x8c, 0x0a, 0x01, 0x03,
    0x3d, 0x00, 0x3e, 0x00, 0x3f, 0x01, 0x01, 0x02, 0x10, 0x02, 0x11, 0x58, 0x01, 0x02, 0x12, 0x04,
    0x13, 0x7e, 0x01, 0x02, 0x14, 0x06, 0x15, 0x8b, 0x01, 0x01, 0x0d, 0x01, 0x01, 0x01, 0x0d, 0x00,
    0x01, 0x01, 0x0d, 0x10, 0x01, 0x01, 0x6b, 0x81, 0x02, 0x14, 0x00, 0x01, 0x01, 0x63, 0x20, 0x04,
    0x00, 0xc0, 0x00, 0x10, 0x02, 0x00, 0x46, 0x05, 0x01, 0x17, 0x02, 0x58, 0x38, 0x54, 0x39, 0x60,
    0x21, 0x08, 0x64, 0x54, 0x65, 0x41, 0x60, 0x20, 0x61, 0x00, 0x62, 0x00, 0x69, 0x08, 0x8f, 0x00,
    0x90, 0x00, 0x91, 0x00, 0x92, 0x00, 0x93, 0x6e, 0x95, 0x01, 0x96, 0xa5, 0x97, 0xe0, 0x0a, 0x20,
    0x6a, 0x01, 0x3d, 0x00, 0x3e, 0x00, 0x3f, 0x01, 0x01, 0x01, 0x0f, 0x01, 0x01, 0x01, 0x6b, 0x01,
    0x08, 0x01, 0x01, 0x08, 0x10, 0x01, 0x08, 0x02, 0x50, 0x6a, 0x04, 0x3d, 0x00, 0x3e, 0x00, 0x3f,
    0x01, 0x35, 0x00, 0x36, 0x00, 0x37, 0x77, 0x01, 0x01, 0x20, 0x10, 0x01, 0x01, 0x9f, 0x00, 0x01,
    0x01, 0x02, 0x50, 0x01, 0x01, 0x08, 0x50, 0x01, 0x01, 0xa8, 0x00, 0x01, 0x01, 0x01, 0xa1, 0x01,
    0x01, 0x0f, 0xff, 0x02, 0x14, 0x00, 0x01, 0x01, 0x01, 0xe1, 0x00,
};

static const uint8_t prog_setparams_200_color[419] = {
    0x01, 0x20, 0x01, 0xa0, 0x02, 0x70, 0x03, 0x92, 0x04, 0x10, 0x05, 0x00, 0x06, 0x50, 0x08, 0x10,
    0x09, 0x00, 0x0a, 0x00, 0x0c, 0x02, 0x0b, 0x09, 0x0d, 0x00, 0x10, 0x00, 0x11, 0x00, 0x12, 0x00,
    0x13, 0x00, 0x14, 0x00, 0x15, 0x00, 0x16, 0x00, 0x17, 0x01, 0x18, 0x04, 0x19, 0xe0, 0x1a, 0x26,
    0x1b, 0x00, 0x1c, 0x00, 0x1d, 0x0f, 0x1e, 0x10, 0x1f, 0x01, 0x20, 0x10, 0x21, 0x04, 0x22, 0x50,
    0x23, 0x50, 0x01, 0x20, 0x24, 0x04, 0x25, 0x00, 0x26, 0x00, 0x27, 0x00, 0x2c, 0x02, 0x2d, 0x58,
    0x2e, 0x80, 0x2f, 0x80, 0x30, 0x00, 0x31, 0x14, 0x32, 0x27, 0x33, 0xec, 0x34, 0x1f, 0x35, 0x00,
    0x36, 0x40, 0x37, 0x00, 0x38, 0x15, 0x39, 0x18, 0x3d, 0x00, 0x3e, 0x00, 0x3f, 0x01, 0x52, 0x00,
    0x53, 0x01, 0x54, 0x02, 0x55, 0x03, 0x56, 0x04, 0x57, 0x05, 0x58, 0x31, 0x59, 0x00, 0x5a, 0x40,
    0x5e, 0x88, 0x5f, 0x01, 0x01, 0x20, 0x66, 0x00, 0x67, 0x3f, 0x68, 0x3f, 0x69, 0x01, 0x6a, 0x04,
    0x6b, 0x01, 0x6e, 0x6b, 0x6c, 0x41, 0x6f, 0x80, 0x6d, 0x80, 0x70, 0x04, 0x71, 0x06, 0x72, 0x07,
    0x73, 0x08, 0x74, 0x00, 0x75, 0x00, 0x76, 0x00, 0x77, 0x00, 0x78, 0x07, 0x79, 0xfc, 0x7a, 0x03,
    0x7b, 0xff, 0x7c, 0xff, 0x87, 0x00, 0x9d, 0x00, 0x9e, 0x00, 0x9f, 0x00, 0xa2, 0x0f, 0xa8, 0x00,
    0xa9, 0x40, 0xab, 0x30, 0xad, 0x08, 0x01, 0x04, 0xae, 0x3f, 0xb8, 0x03, 0xbd, 0x00, 0xbe, 0x47,
    0x01, 0x1b, 0x51, 0x01, 0x3a, 0x00, 0x3b, 0x35, 0x51, 0x02, 0x3a, 0x00, 0x3b, 0x80, 0x51, 0x03,
    0x3a, 0x00, 0x3b, 0x04, 0x51, 0x20, 0x3a, 0x00, 0x3b, 0x80, 0x51, 0x21, 0x3a, 0x00, 0x3b, 0x80,
    0x51, 0x22, 0x3a, 0x00, 0x3b, 0x80, 0x51, 0x28, 0x3a, 0x00, 0x3b, 0xbb, 0x51, 0x29, 0x3a, 0x00,
    0x3b, 0x4b, 0x51, 0x2a, 0x3a, 0x00, 0x3b, 0x4b, 0x01, 0x1b, 0x51, 0x01, 0x3a, 0x00, 0x3b, 0x35,
    0x51, 0x02, 0x3a, 0x00, 0x3b, 0x88, 0x51, 0x03, 0x3a, 0x00, 0x3b, 0x02, 0x51, 0x20, 0x3a, 0x00,
    0x3b, 0x80, 0x51, 0x21, 0x3a, 0x00, 0x3b, 0x70, 0x51, 0x22, 0x3a, 0x00, 0x3b, 0x70, 0x51, 0x28,
    0x3a, 0x00, 0x3b, 0x4b, 0x51, 0x29, 0x3a, 0x00, 0x3b, 0xd5, 0x51, 0x2a, 0x3a, 0x00, 0x3b, 0xd5,
    0x01, 0x01, 0x0b, 0x09, 0x03, 0x10, 0x0a, 0x03, 0x13, 0x0e, 0x01, 0x01, 0xd0, 0x0a, 0x01, 0x01,
    0xd1, 0x0d, 0x01, 0x01, 0xd2, 0x10, 0x01, 0x02, 0xe0, 0x00, 0xe1, 0x4c, 0x01, 0x02, 0xe2, 0x02,
    0xe3, 0x25, 0x01, 0x02, 0xe4, 0x02, 0xe5, 0x26, 0x01, 0x02, 0xe6, 0x03, 0xe7, 0xff, 0x01, 0x02,
    0xe8, 0x00, 0xe9, 0x4c, 0x01, 0x02, 0xea, 0x02, 0xeb, 0x25, 0x01, 0x02, 0xec, 0x02, 0xed, 0x26,
    0x01, 0x02, 0xee, 0x03, 0xef, 0xff, 0x01, 0x02, 0xf0, 0x00, 0xf1, 0x4c, 0x01, 0x02, 0xf2, 0x02,
    0xf3, 0x25, 0x01, 0x02, 0xf4, 0x02, 0xf5, 0x26, 0x01, 0x02, 0xf6, 0x03, 0xf7, 0xff, 0x01, 0x01,
    0xf8, 0x01, 0x00,
};
static const uint8_t prog_calib_200_color[655] = {
    0x01, 0x20, 0x01, 0xa0, 0x02, 0x70, 0x03, 0x92, 0x04, 0x10, 0x05, 0x00, 0x06, 0x50, 0x08, 0x10,
    0x09, 0x00, 0x0a, 0x00, 0x0c, 0x02, 0x0b, 0x09, 0x0d, 0x00, 0x10, 0x00, 0x11, 0x00, 0x12, 0x00,
    0x13, 0x00, 0x14, 0x00, 0x15, 0x00, 0x16, 0x00, 0x17, 0x01, 0x18, 0x04, 0x19, 0xe0, 0x1a, 0x26,
    0x1b, 0x00, 0x1c, 0x00, 0x1d, 0x0f, 0x1e, 0x10, 0x1f, 0x01, 0x20, 0x10, 0x21, 0x04, 0x22, 0x50,
    0x23, 0x50, 0x01, 0x20, 0x24, 0x04, 0x25, 0x00, 0x26, 0x00, 0x27, 0x00, 0x2c, 0x02, 0x2d, 0x58,
    0x2e, 0x80, 0x2f, 0x80, 0x30, 0x00, 0x31, 0x14, 0x32, 0x27, 0x33, 0xec, 0x34, 0x1f, 0x35, 0x00,
    0x36, 0x40, 0x37, 0x00, 0x38, 0x15, 0x39, 0x18, 0x3d, 0x00, 0x3e, 0x00, 0x3f, 0x01, 0x52, 0x00,
    0x53, 0x01, 0x54, 0x02, 0x55, 0x03, 0x56, 0x04, 0x57, 0x05, 0x58, 0x31, 0x59, 0x00, 0x5a, 0x40,
    0x5e, 0x88, 0x5f, 0x01, 0x01, 0x20, 0x66, 0x00, 0x67, 0x3f, 0x68, 0x3f, 0x69, 0x01, 0x6a, 0x04,
    0x6b, 0x01, 0x6e, 0x6b, 0x6c, 0x41, 0x6f, 0x80, 0x6d, 0x80, 0x70, 0x04, 0x71, 0x06, 0x72, 0x07,
    0x73, 0x08, 0x74, 0x00, 0x75, 0x00, 0x76, 0x00, 0x77, 0x00, 0x78, 0x07, 0x79, 0xfc, 0x7a, 0x03,
    0x7b, 0xff, 0x7c, 0xff, 0x87, 0x00, 0x9d, 0x00, 0x9e, 0x00, 0x9f, 0x00, 0xa2, 0x0f, 0xa8, 0x00,
    0xa9, 0x40, 0xab, 0x30, 0xad, 0x08, 0x01, 0x04, 0xae, 0x3f, 0xb8, 0x03, 0xbd, 0x00, 0xbe, 0x47,
    0x01, 0x1b, 0x51, 0x01, 0x3a, 0x00, 0x3b, 0x35, 0x51, 0x02, 0x3a, 0x00, 0x3b, 0x80, 0x51, 0x03,
    0x3a, 0x00, 0x3b, 0x04, 0x51, 0x20, 0x3a, 0x00, 0x3b, 0x80, 0x51, 0x21, 0x3a, 0x00, 0x3b, 0x80,
    0x51, 0x22, 0x3a, 0x00, 0x3b, 0x80, 0x51, 0x28, 0x3a, 0x00, 0x3b, 0xbb, 0x51, 0x29, 0x3a, 0x00,
    0x3b, 0x4b, 0x51, 0x2a, 0x3a, 0x00, 0x3b, 0x4b, 0x01, 0x1b, 0x51, 0x01, 0x3a, 0x00, 0x3b, 0x35,
    0x51, 0x02, 0x3a, 0x00, 0x3b, 0x88, 0x51, 0x03, 0x3a, 0x00, 0x3b, 0x02, 0x51, 0x20, 0x3a, 0x00,
    0x3b, 0x80, 0x51, 0x21, 0x3a, 0x00, 0x3b, 0x70, 0x51, 0x22, 0x3a, 0x00, 0x3b, 0x70, 0x51, 0x28,
    0x3a, 0x00, 0x3b, 0x4b, 0x51, 0x29, 0x3a, 0x00, 0x3b, 0xd5, 0x51, 0x2a, 0x3a, 0x00, 0x3b, 0xd5,
    0x01, 0x01, 0x0b, 0x09, 0x03, 0x10, 0x0a, 0x03, 0x13, 0x0e, 0x01, 0x01, 0xd0, 0x0a, 0x01, 0x01,
    0xd1, 0x0d, 0x01, 0x01, 0xd2, 0x10, 0x01, 0x02, 0xe0, 0x00, 0xe1, 0x4c, 0x01, 0x02, 0xe2, 0x02,
    0xe3, 0x25, 0x01, 0x02, 0xe4, 0x02, 0xe5, 0x26, 0x01, 0x02, 0xe6, 0x03, 0xe7, 0xff, 0x01, 0x02,
    0xe8, 0x00, 0xe9, 0x4c, 0x01, 0x02, 0xea, 0x02, 0xeb, 0x25, 0x01, 0x02, 0xec, 0x02, 0xed, 0x26,
    0x01, 0x02, 0xee, 0x03, 0xef, 0xff, 0x01, 0x02, 0xf0, 0x00, 0xf1, 0x4c, 0x01, 0x02, 0xf2, 0x02,
    0xf3, 0x25, 0x01, 0x02, 0xf4, 0x02, 0xf5, 0x26, 0x01, 0x02, 0xf6, 0x03, 0xf7, 0xff, 0x01, 0x01,
    0xf8, 0x01, 0x01, 0x01, 0xa7, 0x01, 0x01, 0x01, 0xa6, 0x1d, 0x01, 0x12, 0x51, 0x20, 0x3a, 0x00,
    0x3b, 0x80, 0x51, 0x28, 0x3a, 0x00, 0x3b, 0x4b, 0x51, 0x21, 0x3a, 0x00, 0x3b, 0x70, 0x51, 0x29,
    0x3a, 0x00, 0x3b, 0xd5, 0x51, 0x22, 0x3a, 0x00, 0x3b, 0x70, 0x51, 0x2a, 0x3a, 0x00, 0x3b, 0xd5,
    0x01, 0x01, 0xd0, 0x0a, 0x01, 0x01, 0xd1, 0x0d, 0x01, 0x01, 0xd2, 0x10, 0x01, 0x02, 0xe0, 0x00,
    0xe1, 0x4c, 0x01, 0x02, 0xe2, 0x02, 0xe3, 0x25, 0x01, 0x02, 0xe4, 0x02, 0xe5, 0x26, 0x01, 0x02,
    0xe6, 0x03, 0xe7, 0xff, 0x01, 0x02, 0xe8, 0x00, 0xe9, 0x4c, 0x01, 0x02, 0xea, 0x02, 0xeb, 0x25,
    0x01, 0x02, 0xec, 0x02, 0xed, 0x26, 0x01, 0x02, 0xee, 0x03, 0xef, 0xff, 0x01, 0x02, 0xf0, 0x00,
    0xf1, 0x4c, 0x01, 0x02, 0xf2, 0x02, 0xf3, 0x25, 0x01, 0x02, 0xf4, 0x02, 0xf5, 0x26, 0x01, 0x02,
    0xf6, 0x03, 0xf7, 0xff, 0x01, 0x01, 0xf8, 0x01, 0x01, 0x01, 0x6e, 0x6f, 0x01, 0x01, 0x7e, 0x02,
    0x01, 0x01, 0x7f, 0x0b, 0x02, 0x0a, 0x00, 0x05, 0x06, 0x00, 0x00, 0x40, 0x01, 0x10, 0x38, 0x2a,
    0x00, 0x00, 0x00, 0x00, 0x00, 0x00, 0x00, 0x02, 0x64, 0x00, 0x06, 0x01, 0x00, 0xa0, 0x01, 0x10,
    0x38, 0x2a, 0x00, 0x00, 0x00, 0x00, 0x00, 0x00, 0x00, 0x02, 0x64, 0x00, 0x06, 0x02, 0x00, 0x00,
    0x02, 0x10, 0x38, 0x2a, 0x00, 0x00, 0x00, 0x00, 0x00, 0x00, 0x00, 0x02, 0x64, 0x00, 0x01, 0x01,
    0x01, 0xa0, 0x01, 0x01, 0x02, 0x70, 0x01, 0x01, 0x1e, 0x10, 0x01, 0x01, 0x9d, 0x00, 0x01, 0x01,
    0x6e, 0x6f, 0x01, 0x01, 0x7e, 0x00, 0x01, 0x01, 0xa7, 0x00, 0x01, 0x01, 0xa6, 0x1c, 0x00,
};
static const uint8_t prog_start_200_color[1879] = {
    0x01, 0x01, 0x80, 0x00, 0x01, 0x01, 0x80, 0x00, 0x01, 0x01, 0x60, 0x20, 0x01, 0x01, 0x63, 0x00,
    0x01, 0x01, 0x0d, 0x00, 0x01, 0x01, 0x6f, 0x80, 0x01, 0x01, 0x6d, 0x9f, 0x02, 0xf4, 0x01, 0x04,
    0x00, 0x00, 0x00, 0x01, 0x00, 0x02, 0x00, 0x00, 0x00, 0x00, 0x00, 0x00, 0x5d, 0x01, 0xd6, 0x04,
    0x00, 0x08, 0xed, 0x0a, 0xae, 0x0d, 0x49, 0x10, 0xc6, 0x12, 0x29, 0x15, 0x75, 0x17, 0xaf, 0x19,
    0xd5, 0x1b, 0xed, 0x1d, 0xf6, 0x1f, 0xf3, 0x21, 0xe3, 0x23, 0xc9, 0x25, 0xa4, 0x27, 0x78, 0x29,
    0x41, 0x2b, 0x03, 0x2d, 0xbd, 0x2e, 0x70, 0x30, 0x1c, 0x32, 0xc2, 0x33, 0x61, 0x35, 0xfc, 0x36,
    0x90, 0x38, 0x20, 0x3a, 0xaa, 0x3b, 0x30, 0x3d, 0xb1, 0x3e, 0x2e, 0x40, 0xa6, 0x41, 0x1b, 0x43,
    0x8b, 0x44, 0xf9, 0x45, 0x61, 0x47, 0xc8, 0x48, 0x2a, 0x4a, 0x8a, 0x4b, 0xe7, 0x4c, 0x40, 0x4e,
    0x96, 0x4f, 0xea, 0x50, 0x3a, 0x52, 0x88, 0x53, 0xd4, 0x54, 0x1d, 0x56, 0x63, 0x57, 0xa7, 0x58,
    0xe9, 0x59, 0x29, 0x5b, 0x65, 0x5c, 0xa1, 0x5d, 0xda, 0x5e, 0x10, 0x60, 0x46, 0x61, 0x79, 0x62,
    0xaa, 0x63, 0xd9, 0x64, 0x07, 0x66, 0x31, 0x67, 0x5c, 0x68, 0x83, 0x69, 0xab, 0x6a, 0xcf, 0x6b,
    0xf3, 0x6c, 0x14, 0x6e, 0x34, 0x6f, 0x52, 0x70, 0x70, 0x71, 0x8c, 0x72, 0xa6, 0x73, 0xbf, 0x74,
    0xd5, 0x75, 0xec, 0x76, 0x00, 0x78, 0x14, 0x79, 0x26, 0x7a, 0x37, 0x7b, 0x46, 0x7c, 0x55, 0x7d,
    0x61, 0x7e, 0x6e, 0x7f, 0x79, 0x80, 0x82, 0x81, 0x8b, 0x82, 0x92, 0x83, 0x98, 0x84, 0x9e, 0x85,
    0xa2, 0x86, 0xa5, 0x87, 0xa7, 0x88, 0xa8, 0x89, 0xa8, 0x8a, 0xa8, 0x8b, 0xa6, 0x8c, 0xa3, 0x8d,
    0x9f, 0x8e, 0x9a, 0x8f, 0x95, 0x90, 0x8e, 0x91, 0x86, 0x92, 0x7f, 0x93, 0x75, 0x94, 0x6a, 0x95,
    0x60, 0x96, 0x54, 0x97, 0x47, 0x98, 0x3a, 0x99, 0x2c, 0x9a, 0x1d, 0x9b, 0x0d, 0x9c, 0xfd, 0x9c,
    0xeb, 0x9d, 0xd9, 0x9e, 0xc7, 0x9f, 0xb2, 0xa0, 0x9e, 0xa1, 0x89, 0xa2, 0x73, 0xa3, 0x5d, 0xa4,
    0x45, 0xa5, 0x2d, 0xa6, 0x15, 0xa7, 0xfb, 0xa7, 0xe2, 0xa8, 0xc7, 0xa9, 0xab, 0xaa, 0x90, 0xab,
    0x72, 0xac, 0x56, 0xad, 0x37, 0xae, 0x19, 0xaf, 0xfa, 0xaf, 0xda, 0xb0, 0xba, 0xb1, 0x99, 0xb2,
    0x78, 0xb3, 0x56, 0xb4, 0x33, 0xb5, 0x10, 0xb6, 0xeb, 0xb6, 0xc7, 0xb7, 0xa2, 0xb8, 0x7d, 0xb9,
    0x56, 0xba, 0x30, 0xbb, 0x08, 0xbc, 0xe1, 0xbc, 0xb8, 0xbd, 0x90, 0xbe, 0x66, 0xbf, 0x3c, 0xc0,
    0x11, 0xc1, 0xe6, 0xc1, 0xbb, 0xc2, 0x90, 0xc3, 0x64, 0xc4, 0x36, 0xc5, 0x09, 0xc6, 0xdb, 0xc6,
    0xad, 0xc7, 0x7e, 0xc8, 0x4e, 0xc9, 0x1f, 0xca, 0xef, 0xca, 0xbe, 0xcb, 0x8d, 0xcc, 0x5b, 0xcd,
    0x29, 0xce, 0xf7, 0xce, 0xc3, 0xcf, 0x91, 0xd0, 0x5d, 0xd1, 0x28, 0xd2, 0xf3, 0xd2, 0xbf, 0xd3,
    0x89, 0xd4, 0x53, 0xd5, 0x1d, 0xd6, 0xe6, 0xd6, 0xaf, 0xd7, 0x78, 0xd8, 0x3f, 0xd9, 0x07, 0xda,
    0xce, 0xda, 0x95, 0xdb, 0x5b, 0xdc, 0x22, 0xdd, 0xe8, 0xdd, 0xac, 0xde, 0x72, 0xdf, 0x36, 0xe0,
    0xfa, 0xe0, 0xbe, 0xe1, 0x81, 0xe2, 0x44, 0xe3, 0x07, 0xe4, 0xc9, 0xe4, 0x8b, 0xe5, 0x4d, 0xe6,
    0x0e, 0xe7, 0xcf, 0xe7, 0x8f, 0xe8, 0x4f, 0xe9, 0x0f, 0xea, 0xce, 0xea, 0x8e, 0xeb, 0x4d, 0xec,
    0x0b, 0xed, 0xc9, 0xed, 0x87, 0xee, 0x45, 0xef, 0x01, 0xf0, 0xbe, 0xf0, 0x7b, 0xf1, 0x38, 0xf2,
    0xf3, 0xf2, 0xaf, 0xf3, 0x6a, 0xf4, 0x25, 0xf5, 0xdf, 0xf5, 0x9a, 0xf6, 0x53, 0xf7, 0x0e, 0xf8,
    0xc6, 0xf8, 0x7f, 0xf9, 0x39, 0xfa, 0xcc, 0xfa, 0xcc, 0xfa, 0xcc, 0xfa, 0xcc, 0xfa, 0xcc, 0xfa,
    0xcc, 0xfa, 0xcc, 0xfa, 0xcc, 0xfa, 0xcc, 0xfa, 0xcc, 0xfa, 0xcc, 0xfa, 0xcc, 0xfa, 0xcc, 0xfa,
    0xcc, 0xfa, 0xcc, 0xfa, 0xcc, 0xfa, 0xcc, 0xfa, 0xcc, 0xfa, 0xcc, 0xfa, 0xcc, 0xfa, 0xcc, 0xfa,
    0xcc, 0xfa, 0xcc, 0xfa, 0xcc, 0xfa, 0x04, 0x00, 0x02, 0x00, 0x01, 0x00, 0x02, 0x00, 0x00, 0x00,
    0x00, 0x00, 0x00, 0x5d, 0x01, 0xd6, 0x04, 0x00, 0x08, 0xed, 0x0a, 0xae, 0x0d, 0x49, 0x10, 0xc6,
    0x12, 0x29, 0x15, 0x75, 0x17, 0xaf, 0x19, 0xd5, 0x1b, 0xed, 0x1d, 0xf6, 0x1f, 0xf3, 0x21, 0xe3,
    0x23, 0xc9, 0x25, 0xa4, 0x27, 0x78, 0x29, 0x41, 0x2b, 0x03, 0x2d, 0xbd, 0x2e, 0x70, 0x30, 0x1c,
    0x32, 0xc2, 0x33, 0x61, 0x35, 0xfc, 0x36, 0x90, 0x38, 0x20, 0x3a, 0xaa, 0x3b, 0x30, 0x3d, 0xb1,
    0x3e, 0x2e, 0x40, 0xa6, 0x41, 0x1b, 0x43, 0x8b, 0x44, 0xf9, 0x45, 0x61, 0x47, 0xc8, 0x48, 0x2a,
    0x4a, 0x8a, 0x4b, 0xe7, 0x4c, 0x40, 0x4e, 0x96, 0x4f, 0xea, 0x50, 0x3a, 0x52, 0x88, 0x53, 0xd4,
    0x54, 0x1d, 0x56, 0x63, 0x57, 0xa7, 0x58, 0xe9, 0x59, 0x29, 0x5b, 0x65, 0x5c, 0xa1, 0x5d, 0xda,
    0x5e, 0x10, 0x60, 0x46, 0x61, 0x79, 0x62, 0xaa, 0x63, 0xd9, 0x64, 0x07, 0x66, 0x31, 0x67, 0x5c,
    0x68, 0x83, 0x69, 0xab, 0x6a, 0xcf, 0x6b, 0xf3, 0x6c, 0x14, 0x6e, 0x34, 0x6f, 0x52, 0x70, 0x70,
    0x71, 0x8c, 0x72, 0xa6, 0x73, 0xbf, 0x74, 0xd5, 0x75, 0xec, 0x76, 0x00, 0x78, 0x14, 0x79, 0x26,
    0x7a, 0x37, 0x7b, 0x46, 0x7c, 0x55, 0x7d, 0x61, 0x7e, 0x6e, 0x7f, 0x79, 0x80, 0x82, 0x81, 0x8b,
    0x82, 0x92, 0x83, 0x98, 0x84, 0x9e, 0x85, 0xa2, 0x86, 0xa5, 0x87, 0xa7, 0x88, 0xa8, 0x89, 0xa8,
    0x8a, 0xa8, 0x8b, 0xa6, 0x8c, 0xa3, 0x8d, 0x9f, 0x8e, 0x9a, 0x8f, 0x95, 0x90, 0x8e, 0x91, 0x86,
    0x92, 0x7f, 0x93, 0x75, 0x94, 0x6a, 0x95, 0x60, 0x96, 0x54, 0x97, 0x47, 0x98, 0x3a, 0x99, 0x2c,
    0x9a, 0x1d, 0x9b, 0x0d, 0x9c, 0xfd, 0x9c, 0xeb, 0x9d, 0xd9, 0x9e, 0xc7, 0x9f, 0xb2, 0xa0, 0x9e,
    0xa1, 0x89, 0xa2, 0x73, 0xa3, 0x5d, 0xa4, 0x45, 0xa5, 0x2d, 0xa6, 0x15, 0xa7, 0xfb, 0xa7, 0xe2,
    0xa8, 0xc7, 0xa9, 0xab, 0xaa, 0x90, 0xab, 0x72, 0xac, 0x56, 0xad, 0x37, 0xae, 0x19, 0xaf, 0xfa,
    0xaf, 0xda, 0xb0, 0xba, 0xb1, 0x99, 0xb2, 0x78, 0xb3, 0x56, 0xb4, 0x33, 0xb5, 0x10, 0xb6, 0xeb,
    0xb6, 0xc7, 0xb7, 0xa2, 0xb8, 0x7d, 0xb9, 0x56, 0xba, 0x30, 0xbb, 0x08, 0xbc, 0xe1, 0xbc, 0xb8,
    0xbd, 0x90, 0xbe, 0x66, 0xbf, 0x3c, 0xc0, 0x11, 0xc1, 0xe6, 0xc1, 0xbb, 0xc2, 0x90, 0xc3, 0x64,
    0xc4, 0x36, 0xc5, 0x09, 0xc6, 0xdb, 0xc6, 0xad, 0xc7, 0x7e, 0xc8, 0x4e, 0xc9, 0x1f, 0xca, 0xef,
    0xca, 0xbe, 0xcb, 0x8d, 0xcc, 0x5b, 0xcd, 0x29, 0xce, 0xf7, 0xce, 0xc3, 0xcf, 0x91, 0xd0, 0x5d,
    0xd1, 0x28, 0xd2, 0xf3, 0xd2, 0xbf, 0xd3, 0x89, 0xd4, 0x53, 0xd5, 0x1d, 0xd6, 0xe6, 0xd6, 0xaf,
    0xd7, 0x78, 0xd8, 0x3f, 0xd9, 0x07, 0xda, 0xce, 0xda, 0x95, 0xdb, 0x5b, 0xdc, 0x22, 0xdd, 0xe8,
    0xdd, 0xac, 0xde, 0x72, 0xdf, 0x36, 0xe0, 0xfa, 0xe0, 0xbe, 0xe1, 0x81, 0xe2, 0x44, 0xe3, 0x07,
    0xe4, 0xc9, 0xe4, 0x8b, 0xe5, 0x4d, 0xe6, 0x0e, 0xe7, 0xcf, 0xe7, 0x8f, 0xe8, 0x4f, 0xe9, 0x0f,
    0xea, 0xce, 0xea, 0x8e, 0xeb, 0x4d, 0xec, 0x0b, 0xed, 0xc9, 0xed, 0x87, 0xee, 0x45, 0xef, 0x01,
    0xf0, 0xbe, 0xf0, 0x7b, 0xf1, 0x38, 0xf2, 0xf3, 0xf2, 0xaf, 0xf3, 0x6a, 0xf4, 0x25, 0xf5, 0xdf,
    0xf5, 0x9a, 0xf6, 0x53, 0xf7, 0x0e, 0xf8, 0xc6, 0xf8, 0x7f, 0xf9, 0x39, 0xfa, 0xcc, 0xfa, 0xcc,
    0xfa, 0xcc, 0xfa, 0xcc, 0xfa, 0xcc, 0xfa, 0xcc, 0xfa, 0xcc, 0xfa, 0xcc, 0xfa, 0xcc, 0xfa, 0xcc,
    0xfa, 0xcc, 0xfa, 0xcc, 0xfa, 0xcc, 0xfa, 0xcc, 0xfa, 0xcc, 0xfa, 0xcc, 0xfa, 0xcc, 0xfa, 0xcc,
    0xfa, 0xcc, 0xfa, 0xcc, 0xfa, 0xcc, 0xfa, 0xcc, 0xfa, 0xcc, 0xfa, 0xcc, 0xfa, 0x04, 0x00, 0x04,
    0x00, 0x01, 0x00, 0x02, 0x00, 0x00, 0x00, 0x00, 0x00, 0x00, 0x5d, 0x01, 0xd6, 0x04, 0x00, 0x08,
    0xed, 0x0a, 0xae, 0x0d, 0x49, 0x10, 0xc6, 0x12, 0x29, 0x15, 0x75, 0x17, 0xaf, 0x19, 0xd5, 0x1b,
    0xed, 0x1d, 0xf6, 0x1f, 0xf3, 0x21, 0xe3, 0x23, 0xc9, 0x25, 0xa4, 0x27, 0x78, 0x29, 0x41, 0x2b,
    0x03, 0x2d, 0xbd, 0x2e, 0x70, 0x30, 0x1c, 0x32, 0xc2, 0x33, 0x61, 0x35, 0xfc, 0x36, 0x90, 0x38,
    0x20, 0x3a, 0xaa, 0x3b, 0x30, 0x3d, 0xb1, 0x3e, 0x2e, 0x40, 0xa6, 0x41, 0x1b, 0x43, 0x8b, 0x44,
    0xf9, 0x45, 0x61, 0x47, 0xc8, 0x48, 0x2a, 0x4a, 0x8a, 0x4b, 0xe7, 0x4c, 0x40, 0x4e, 0x96, 0x4f,
    0xea, 0x50, 0x3a, 0x52, 0x88, 0x53, 0xd4, 0x54, 0x1d, 0x56, 0x63, 0x57, 0xa7, 0x58, 0xe9, 0x59,
    0x29, 0x5b, 0x65, 0x5c, 0xa1, 0x5d, 0xda, 0x5e, 0x10, 0x60, 0x46, 0x61, 0x79, 0x62, 0xaa, 0x63,
    0xd9, 0x64, 0x07, 0x66, 0x31, 0x67, 0x5c, 0x68, 0x83, 0x69, 0xab, 0x6a, 0xcf, 0x6b, 0xf3, 0x6c,
    0x14, 0x6e, 0x34, 0x6f, 0x52, 0x70, 0x70, 0x71, 0x8c, 0x72, 0xa6, 0x73, 0xbf, 0x74, 0xd5, 0x75,
    0xec, 0x76, 0x00, 0x78, 0x14, 0x79, 0x26, 0x7a, 0x37, 0x7b, 0x46, 0x7c, 0x55, 0x7d, 0x61, 0x7e,
    0x6e, 0x7f, 0x79, 0x80, 0x82, 0x81, 0x8b, 0x82, 0x92, 0x83, 0x98, 0x84, 0x9e, 0x85, 0xa2, 0x86,
    0xa5, 0x87, 0xa7, 0x88, 0xa8, 0x89, 0xa8, 0x8a, 0xa8, 0x8b, 0xa6, 0x8c, 0xa3, 0x8d, 0x9f, 0x8e,
    0x9a, 0x8f, 0x95, 0x90, 0x8e, 0x91, 0x86, 0x92, 0x7f, 0x93, 0x75, 0x94, 0x6a, 0x95, 0x60, 0x96,
    0x54, 0x97, 0x47, 0x98, 0x3a, 0x99, 0x2c, 0x9a, 0x1d, 0x9b, 0x0d, 0x9c, 0xfd, 0x9c, 0xeb, 0x9d,
    0xd9, 0x9e, 0xc7, 0x9f, 0xb2, 0xa0, 0x9e, 0xa1, 0x89, 0xa2, 0x73, 0xa3, 0x5d, 0xa4, 0x45, 0xa5,
    0x2d, 0xa6, 0x15, 0xa7, 0xfb, 0xa7, 0xe2, 0xa8, 0xc7, 0xa9, 0xab, 0xaa, 0x90, 0xab, 0x72, 0xac,
    0x56, 0xad, 0x37, 0xae, 0x19, 0xaf, 0xfa, 0xaf, 0xda, 0xb0, 0xba, 0xb1, 0x99, 0xb2, 0x78, 0xb3,
    0x56, 0xb4, 0x33, 0xb5, 0x10, 0xb6, 0xeb, 0xb6, 0xc7, 0xb7, 0xa2, 0xb8, 0x7d, 0xb9, 0x56, 0xba,
    0x30, 0xbb, 0x08, 0xbc, 0xe1, 0xbc, 0xb8, 0xbd, 0x90, 0xbe, 0x66, 0xbf, 0x3c, 0xc0, 0x11, 0xc1,
    0xe6, 0xc1, 0xbb, 0xc2, 0x90, 0xc3, 0x64, 0xc4, 0x36, 0xc5, 0x09, 0xc6, 0xdb, 0xc6, 0xad, 0xc7,
    0x7e, 0xc8, 0x4e, 0xc9, 0x1f, 0xca, 0xef, 0xca, 0xbe, 0xcb, 0x8d, 0xcc, 0x5b, 0xcd, 0x29, 0xce,
    0xf7, 0xce, 0xc3, 0xcf, 0x91, 0xd0, 0x5d, 0xd1, 0x28, 0xd2, 0xf3, 0xd2, 0xbf, 0xd3, 0x89, 0xd4,
    0x53, 0xd5, 0x1d, 0xd6, 0xe6, 0xd6, 0xaf, 0xd7, 0x78, 0xd8, 0x3f, 0xd9, 0x07, 0xda, 0xce, 0xda,
    0x95, 0xdb, 0x5b, 0xdc, 0x22, 0xdd, 0xe8, 0xdd, 0xac, 0xde, 0x72, 0xdf, 0x36, 0xe0, 0xfa, 0xe0,
    0xbe, 0xe1, 0x81, 0xe2, 0x44, 0xe3, 0x07, 0xe4, 0xc9, 0xe4, 0x8b, 0xe5, 0x4d, 0xe6, 0x0e, 0xe7,
    0xcf, 0xe7, 0x8f, 0xe8, 0x4f, 0xe9, 0x0f, 0xea, 0xce, 0xea, 0x8e, 0xeb, 0x4d, 0xec, 0x0b, 0xed,
    0xc9, 0xed, 0x87, 0xee, 0x45, 0xef, 0x01, 0xf0, 0xbe, 0xf0, 0x7b, 0xf1, 0x38, 0xf2, 0xf3, 0xf2,
    0xaf, 0xf3, 0x6a, 0xf4, 0x25, 0xf5, 0xdf, 0xf5, 0x9a, 0xf6, 0x53, 0xf7, 0x0e, 0xf8, 0xc6, 0xf8,
    0x7f, 0xf9, 0x39, 0xfa, 0xcc, 0xfa, 0xcc, 0xfa, 0xcc, 0xfa, 0xcc, 0xfa, 0xcc, 0xfa, 0xcc, 0xfa,
    0xcc, 0xfa, 0xcc, 0xfa, 0xcc, 0xfa, 0xcc, 0xfa, 0xcc, 0xfa, 0xcc, 0xfa, 0xcc, 0xfa, 0xcc, 0xfa,
    0xcc, 0xfa, 0xcc, 0xfa, 0xcc, 0xfa, 0xcc, 0xfa, 0xcc, 0xfa, 0xcc, 0xfa, 0xcc, 0xfa, 0xcc, 0xfa,
    0xcc, 0xfa, 0xcc, 0xfa, 0x02, 0x64, 0x00, 0x01, 0x14, 0x05, 0x08, 0xc5, 0x00, 0xc6, 0x00, 0xbd,
    0x00, 0xbe, 0x47, 0xc7, 0x00, 0xc8, 0x00, 0xc9, 0x00, 0xca, 0x00, 0x04, 0x10, 0x34, 0x1f, 0x30,
    0x00, 0x31, 0xa0, 0x32, 0x0a, 0x33, 0x96, 0x2c, 0x01, 0x2d, 0x90, 0x3d, 0x00, 0x3e, 0x00, 0x3f,
    0x01, 0x01, 0x02, 0x09, 0x00, 0xa0, 0x00, 0x07, 0x01, 0x01, 0x10, 0x00, 0x01, 0x01, 0x9d, 0x00,
    0x04, 0x00, 0x00, 0x00, 0x10, 0x20, 0x00, 0x8c, 0x0a, 0x8c, 0x0a, 0x8c, 0x0a, 0x8c, 0x0a, 0x8c,
    0x0a, 0x8c, 0x0a, 0x8c, 0x0a, 0x8c, 0x0a, 0x8c, 0x0a, 0x8c, 0x0a, 0x8c, 0x0a, 0x8c, 0x0a, 0x8c,
    0x0a, 0x8c, 0x0a, 0x8c, 0x0a, 0x8c, 0x0a, 0x04, 0x00, 0x80, 0x00, 0x10, 0x0c, 0x00, 0x8c, 0x0a,
    0x8c, 0x0a, 0x8c, 0x0a, 0x8c, 0x0a, 0x8c, 0x0a, 0x8c, 0x0a, 0x01, 0x03, 0x3d, 0x00, 0x3e, 0x00,
    0x3f, 0x01, 0x01, 0x02, 0x10, 0x06, 0x11, 0x6e, 0x01, 0x02, 0x12, 0x06, 0x13, 0xa0, 0x01, 0x02,
    0x14, 0x06, 0x15, 0x6e, 0x01, 0x01, 0x0d, 0x01, 0x01, 0x01, 0x0d, 0x00, 0x01, 0x01, 0x0d, 0x10,
    0x01, 0x01, 0x6b, 0x81, 0x02, 0x14, 0x00, 0x01, 0x01, 0x63, 0x20, 0x04, 0x00, 0xc0, 0x00, 0x10,
    0x02, 0x00, 0x46, 0x05, 0x01, 0x17, 0x02, 0x58, 0x38, 0x15, 0x39, 0x18, 0x21, 0x06, 0x64, 0x14,
    0x65, 0xf9, 0x60, 0x20, 0x61, 0x00, 0x62, 0x00, 0x69, 0x06, 0x8f, 0x00, 0x90, 0x00, 0x91, 0x00,
    0x92, 0x01, 0x93, 0xc2, 0x95, 0x01, 0x96, 0xa5, 0x97, 0xe0, 0x0a, 0x20, 0x6a, 0x01, 0x3d, 0x00,
    0x3e, 0x00, 0x3f, 0x01, 0x01, 0x01, 0x0f, 0x01, 0x01, 0x01, 0x6b, 0x01, 0x08, 0x01, 0x01, 0x08,
    0x10, 0x01, 0x08, 0x02, 0x50, 0x6a, 0x04, 0x3d, 0x00, 0x3e, 0x00, 0x3f, 0x01, 0x35, 0x00, 0x36,
    0x02, 0x37, 0x7c, 0x01, 0x01, 0x20, 0x10, 0x01, 0x01, 0x9f, 0x00, 0x01, 0x01, 0x02, 0x50, 0x01,
    0x01, 0x08, 0x50, 0x01, 0x01, 0xa8, 0x00, 0x01, 0x01, 0x01, 0xa1, 0x01, 0x01, 0x0f, 0xff, 0x02,
    0x14, 0x00, 0x01, 0x01, 0x01, 0xe1, 0x00,
};

static const uint8_t prog_setparams_200_gray[481] = {
    0x01, 0x20, 0x01, 0xa0, 0x02, 0x70, 0x03, 0x92, 0x04, 0x10, 0x05, 0x00, 0x06, 0x50, 0x08, 0x10,
    0x09, 0x00, 0x0a, 0x00, 0x0c, 0x00, 0x0b, 0x09, 0x0d, 0x00, 0x10, 0x00, 0x11, 0x00, 0x12, 0x00,
    0x13, 0x00, 0x14, 0x00, 0x15, 0x00, 0x16, 0x00, 0x17, 0x01, 0x18, 0x04, 0x19, 0xe0, 0x1a, 0x26,
    0x1b, 0x00, 0x1c, 0x00, 0x1d, 0x0f, 0x1e, 0x10, 0x1f, 0x01, 0x20, 0x10, 0x21, 0x04, 0x22, 0x50,
    0x23, 0x50, 0x01, 0x20, 0x24, 0x04, 0x25, 0x00, 0x26, 0x00, 0x27, 0x00, 0x2c, 0x02, 0x2d, 0x58,
    0x2e, 0x80, 0x2f, 0x80, 0x30, 0x00, 0x31, 0x14, 0x32, 0x27, 0x33, 0xec, 0x34, 0x1f, 0x35, 0x00,
    0x36, 0x40, 0x37, 0x00, 0x38, 0x3f, 0x39, 0x48, 0x3d, 0x00, 0x3e, 0x00, 0x3f, 0x01, 0x52, 0x00,
    0x53, 0x01, 0x54, 0x02, 0x55, 0x03, 0x56, 0x04, 0x57, 0x05, 0x58, 0x31, 0x59, 0x00, 0x5a, 0x40,
    0x5e, 0x88, 0x5f, 0x01, 0x01, 0x20, 0x66, 0x00, 0x67, 0x3f, 0x68, 0x3f, 0x69, 0x01, 0x6a, 0x04,
    0x6b, 0x01, 0x6e, 0x6b, 0x6c, 0x41, 0x6f, 0x80, 0x6d, 0x80, 0x70, 0x04, 0x71, 0x06, 0x72, 0x07,
    0x73, 0x08, 0x74, 0x00, 0x75, 0x00, 0x76, 0x00, 0x77, 0x00, 0x78, 0x07, 0x79, 0xfc, 0x7a, 0x03,
    0x7b, 0xff, 0x7c, 0xff, 0x87, 0x04, 0x9d, 0x00, 0x9e, 0x00, 0x9f, 0x00, 0xa2, 0x0f, 0xa8, 0x00,
    0xa9, 0x40, 0xab, 0x30, 0xad, 0x08, 0x01, 0x04, 0xae, 0x3f, 0xb8, 0x03, 0xbd, 0x00, 0xbe, 0x47,
    0x01, 0x1b, 0x51, 0x01, 0x3a, 0x00, 0x3b, 0x35, 0x51, 0x02, 0x3a, 0x00, 0x3b, 0x80, 0x51, 0x03,
    0x3a, 0x00, 0x3b, 0x04, 0x51, 0x20, 0x3a, 0x00, 0x3b, 0x80, 0x51, 0x21, 0x3a, 0x00, 0x3b, 0x80,
    0x51, 0x22, 0x3a, 0x00, 0x3b, 0x80, 0x51, 0x28, 0x3a, 0x00, 0x3b, 0xbb, 0x51, 0x29, 0x3a, 0x00,
    0x3b, 0x4b, 0x51, 0x2a, 0x3a, 0x00, 0x3b, 0x4b, 0x01, 0x1b, 0x51, 0x01, 0x3a, 0x00, 0x3b, 0x35,
    0x51, 0x02, 0x3a, 0x00, 0x3b, 0x88, 0x51, 0x03, 0x3a, 0x00, 0x3b, 0x02, 0x51, 0x20, 0x3a, 0x00,
    0x3b, 0x80, 0x51, 0x21, 0x3a, 0x00, 0x3b, 0x70, 0x51, 0x22, 0x3a, 0x00, 0x3b, 0x70, 0x51, 0x28,
    0x3a, 0x00, 0x3b, 0x4b, 0x51, 0x29, 0x3a, 0x00, 0x3b, 0xd5, 0x51, 0x2a, 0x3a, 0x00, 0x3b, 0xd5,
    0x01, 0x1e, 0x51, 0x01, 0x3a, 0x00, 0x3b, 0x3d, 0x51, 0x02, 0x3a, 0x00, 0x3b, 0x88, 0x51, 0x03,
    0x3a, 0x00, 0x3b, 0x02, 0x51, 0x09, 0x3a, 0x00, 0x3b, 0x06, 0x51, 0x20, 0x3a, 0x00, 0x3b, 0x60,
    0x51, 0x21, 0x3a, 0x00, 0x3b, 0x80, 0x51, 0x22, 0x3a, 0x00, 0x3b, 0x80, 0x51, 0x28, 0x3a, 0x00,
    0x3b, 0x4b, 0x51, 0x29, 0x3a, 0x00, 0x3b, 0xd5, 0x51, 0x2a, 0x3a, 0x00, 0x3b, 0xd5, 0x01, 0x01,
    0x0b, 0x09, 0x03, 0x10, 0x0a, 0x03, 0x13, 0x0e, 0x01, 0x01, 0xd0, 0x0a, 0x01, 0x01, 0xd1, 0x0d,
    0x01, 0x01, 0xd2, 0x10, 0x01, 0x02, 0xe0, 0x00, 0xe1, 0x4c, 0x01, 0x02, 0xe2, 0x02, 0xe3, 0x25,
    0x01, 0x02, 0xe4, 0x02, 0xe5, 0x26, 0x01, 0x02, 0xe6, 0x03, 0xe7, 0xff, 0x01, 0x02, 0xe8, 0x00,
    0xe9, 0x4c, 0x01, 0x02, 0xea, 0x02, 0xeb, 0x25, 0x01, 0x02, 0xec, 0x02, 0xed, 0x26, 0x01, 0x02,
    0xee, 0x03, 0xef, 0xff, 0x01, 0x02, 0xf0, 0x00, 0xf1, 0x4c, 0x01, 0x02, 0xf2, 0x02, 0xf3, 0x25,
    0x01, 0x02, 0xf4, 0x02, 0xf5, 0x26, 0x01, 0x02, 0xf6, 0x03, 0xf7, 0xff, 0x01, 0x01, 0xf8, 0x01,
    0x00,
};
static const uint8_t prog_calib_200_gray[720] = {
    0x01, 0x20, 0x01, 0xa0, 0x02, 0x70, 0x03, 0x92, 0x04, 0x10, 0x05, 0x00, 0x06, 0x50, 0x08, 0x10,
    0x09, 0x00, 0x0a, 0x00, 0x0c, 0x00, 0x0b, 0x09, 0x0d, 0x00, 0x10, 0x00, 0x11, 0x00, 0x12, 0x00,
    0x13, 0x00, 0x14, 0x00, 0x15, 0x00, 0x16, 0x00, 0x17, 0x01, 0x18, 0x04, 0x19, 0xe0, 0x1a, 0x26,
    0x1b, 0x00, 0x1c, 0x00, 0x1d, 0x0f, 0x1e, 0x10, 0x1f, 0x01, 0x20, 0x10, 0x21, 0x04, 0x22, 0x50,
    0x23, 0x50, 0x01, 0x20, 0x24, 0x04, 0x25, 0x00, 0x26, 0x00, 0x27, 0x00, 0x2c, 0x02, 0x2d, 0x58,
    0x2e, 0x80, 0x2f, 0x80, 0x30, 0x00, 0x31, 0x14, 0x32, 0x27, 0x33, 0xec, 0x34, 0x1f, 0x35, 0x00,
    0x36, 0x40, 0x37, 0x00, 0x38, 0x3f, 0x39, 0x48, 0x3d, 0x00, 0x3e, 0x00, 0x3f, 0x01, 0x52, 0x00,
    0x53, 0x01, 0x54, 0x02, 0x55, 0x03, 0x56, 0x04, 0x57, 0x05, 0x58, 0x31, 0x59, 0x00, 0x5a, 0x40,
    0x5e, 0x88, 0x5f, 0x01, 0x01, 0x20, 0x66, 0x00, 0x67, 0x3f, 0x68, 0x3f, 0x69, 0x01, 0x6a, 0x04,
    0x6b, 0x01, 0x6e, 0x6b, 0x6c, 0x41, 0x6f, 0x80, 0x6d, 0x80, 0x70, 0x04, 0x71, 0x06, 0x72, 0x07,
    0x73, 0x08, 0x74, 0x00, 0x75, 0x00, 0x76, 0x00, 0x77, 0x00, 0x78, 0x07, 0x79, 0xfc, 0x7a, 0x03,
    0x7b, 0xff, 0x7c, 0xff, 0x87, 0x04, 0x9d, 0x00, 0x9e, 0x00, 0x9f, 0x00, 0xa2, 0x0f, 0xa8, 0x00,
    0xa9, 0x40, 0xab, 0x30, 0xad, 0x08, 0x01, 0x04, 0xae, 0x3f, 0xb8, 0x03, 0xbd, 0x00, 0xbe, 0x47,
    0x01, 0x1b, 0x51, 0x01, 0x3a, 0x00, 0x3b, 0x35, 0x51, 0x02, 0x3a, 0x00, 0x3b, 0x80, 0x51, 0x03,
    0x3a, 0x00, 0x3b, 0x04, 0x51, 0x20, 0x3a, 0x00, 0x3b, 0x80, 0x51, 0x21, 0x3a, 0x00, 0x3b, 0x80,
    0x51, 0x22, 0x3a, 0x00, 0x3b, 0x80, 0x51, 0x28, 0x3a, 0x00, 0x3b, 0xbb, 0x51, 0x29, 0x3a, 0x00,
    0x3b, 0x4b, 0x51, 0x2a, 0x3a, 0x00, 0x3b, 0x4b, 0x01, 0x1b, 0x51, 0x01, 0x3a, 0x00, 0x3b, 0x35,
    0x51, 0x02, 0x3a, 0x00, 0x3b, 0x88, 0x51, 0x03, 0x3a, 0x00, 0x3b, 0x02, 0x51, 0x20, 0x3a, 0x00,
    0x3b, 0x80, 0x51, 0x21, 0x3a, 0x00, 0x3b, 0x70, 0x51, 0x22, 0x3a, 0x00, 0x3b, 0x70, 0x51, 0x28,
    0x3a, 0x00, 0x3b, 0x4b, 0x51, 0x29, 0x3a, 0x00, 0x3b, 0xd5, 0x51, 0x2a, 0x3a, 0x00, 0x3b, 0xd5,
    0x01, 0x1e, 0x51, 0x01, 0x3a, 0x00, 0x3b, 0x3d, 0x51, 0x02, 0x3a, 0x00, 0x3b, 0x88, 0x51, 0x03,
    0x3a, 0x00, 0x3b, 0x02, 0x51, 0x09, 0x3a, 0x00, 0x3b, 0x06, 0x51, 0x20, 0x3a, 0x00, 0x3b, 0x60,
    0x51, 0x21, 0x3a, 0x00, 0x3b, 0x80, 0x51, 0x22, 0x3a, 0x00, 0x3b, 0x80, 0x51, 0x28, 0x3a, 0x00,
    0x3b, 0x4b, 0x51, 0x29, 0x3a, 0x00, 0x3b, 0xd5, 0x51, 0x2a, 0x3a, 0x00, 0x3b, 0xd5, 0x01, 0x01,
    0x0b, 0x09, 0x03, 0x10, 0x0a, 0x03, 0x13, 0x0e, 0x01, 0x01, 0xd0, 0x0a, 0x01, 0x01, 0xd1, 0x0d,
    0x01, 0x01, 0xd2, 0x10, 0x01, 0x02, 0xe0, 0x00, 0xe1, 0x4c, 0x01, 0x02, 0xe2, 0x02, 0xe3, 0x25,
    0x01, 0x02, 0xe4, 0x02, 0xe5, 0x26, 0x01, 0x02, 0xe6, 0x03, 0xe7, 0xff, 0x01, 0x02, 0xe8, 0x00,
    0xe9, 0x4c, 0x01, 0x02, 0xea, 0x02, 0xeb, 0x25, 0x01, 0x02, 0xec, 0x02, 0xed, 0x26, 0x01, 0x02,
    0xee, 0x03, 0xef, 0xff, 0x01, 0x02, 0xf0, 0x00, 0xf1, 0x4c, 0x01, 0x02, 0xf2, 0x02, 0xf3, 0x25,
    0x01, 0x02, 0xf4, 0x02, 0xf5, 0x26, 0x01, 0x02, 0xf6, 0x03, 0xf7, 0xff, 0x01, 0x01, 0xf8, 0x01,
    0x01, 0x01, 0xa7, 0x01, 0x01, 0x01, 0xa6, 0x1d, 0x01, 0x12, 0x51, 0x20, 0x3a, 0x00, 0x3b, 0x60,
    0x51, 0x28, 0x3a, 0x00, 0x3b, 0x4b, 0x51, 0x21, 0x3a, 0x00, 0x3b, 0x80, 0x51, 0x29, 0x3a, 0x00,
    0x3b, 0xd5, 0x51, 0x22, 0x3a, 0x00, 0x3b, 0x80, 0x51, 0x2a, 0x3a, 0x00, 0x3b, 0xd5, 0x01, 0x01,
    0xd0, 0x0a, 0x01, 0x01, 0xd1, 0x0d, 0x01, 0x01, 0xd2, 0x10, 0x01, 0x02, 0xe0, 0x00, 0xe1, 0x4c,
    0x01, 0x02, 0xe2, 0x02, 0xe3, 0x25, 0x01, 0x02, 0xe4, 0x02, 0xe5, 0x26, 0x01, 0x02, 0xe6, 0x03,
    0xe7, 0xff, 0x01, 0x02, 0xe8, 0x00, 0xe9, 0x4c, 0x01, 0x02, 0xea, 0x02, 0xeb, 0x25, 0x01, 0x02,
    0xec, 0x02, 0xed, 0x26, 0x01, 0x02, 0xee, 0x03, 0xef, 0xff, 0x01, 0x02, 0xf0, 0x00, 0xf1, 0x4c,
    0x01, 0x02, 0xf2, 0x02, 0xf3, 0x25, 0x01, 0x02, 0xf4, 0x02, 0xf5, 0x26, 0x01, 0x02, 0xf6, 0x03,
    0xf7, 0xff, 0x01, 0x01, 0xf8, 0x01, 0x01, 0x01, 0x6e, 0x6f, 0x01, 0x01, 0x7e, 0x02, 0x01, 0x01,
    0x7f, 0x0b, 0x02, 0x0a, 0x00, 0x02, 0x0a, 0x00, 0x05, 0x06, 0x00, 0x00, 0x40, 0x01, 0x10, 0x38,
    0x2a, 0x00, 0x00, 0x00, 0x00, 0x00, 0x00, 0x00, 0x02, 0x64, 0x00, 0x06, 0x01, 0x00, 0xa0, 0x01,
    0x10, 0x38, 0x2a, 0x00, 0x00, 0x00, 0x00, 0x00, 0x00, 0x00, 0x02, 0x64, 0x00, 0x06, 0x02, 0x00,
    0x00, 0x02, 0x10, 0x38, 0x2a, 0x00, 0x00, 0x00, 0x00, 0x00, 0x00, 0x00, 0x02, 0x64, 0x00, 0x01,
    0x01, 0x01, 0xa0, 0x01, 0x01, 0x02, 0x70, 0x01, 0x01, 0x1e, 0x10, 0x01, 0x01, 0x9d, 0x00, 0x01,
    0x01, 0x6e, 0x6f, 0x01, 0x01, 0x7e, 0x00, 0x01, 0x01, 0xa7, 0x00, 0x01, 0x01, 0xa6, 0x1c, 0x00,
};
static const uint8_t prog_start_200_gray[1879] = {
    0x01, 0x01, 0x80, 0x00, 0x01, 0x01, 0x80, 0x00, 0x01, 0x01, 0x60, 0x20, 0x01, 0x01, 0x63, 0x00,
    0x01, 0x01, 0x0d, 0x00, 0x01, 0x01, 0x6f, 0x80, 0x01, 0x01, 0x6d, 0x9f, 0x02, 0xf4, 0x01, 0x04,
    0x00, 0x00, 0x00, 0x01, 0x00, 0x02, 0x00, 0x00, 0x00, 0x00, 0x00, 0x00, 0x5d, 0x01, 0xd6, 0x04,
    0x00, 0x08, 0xed, 0x0a, 0xae, 0x0d, 0x49, 0x10, 0xc6, 0x12, 0x29, 0x15, 0x75, 0x17, 0xaf, 0x19,
    0xd5, 0x1b, 0xed, 0x1d, 0xf6, 0x1f, 0xf3, 0x21, 0xe3, 0x23, 0xc9, 0x25, 0xa4, 0x27, 0x78, 0x29,
    0x41, 0x2b, 0x03, 0x2d, 0xbd, 0x2e, 0x70, 0x30, 0x1c, 0x32, 0xc2, 0x33, 0x61, 0x35, 0xfc, 0x36,
    0x90, 0x38, 0x20, 0x3a, 0xaa, 0x3b, 0x30, 0x3d, 0xb1, 0x3e, 0x2e, 0x40, 0xa6, 0x41, 0x1b, 0x43,
    0x8b, 0x44, 0xf9, 0x45, 0x61, 0x47, 0xc8, 0x48, 0x2a, 0x4a, 0x8a, 0x4b, 0xe7, 0x4c, 0x40, 0x4e,
    0x96, 0x4f, 0xea, 0x50, 0x3a, 0x52, 0x88, 0x53, 0xd4, 0x54, 0x1d, 0x56, 0x63, 0x57, 0xa7, 0x58,
    0xe9, 0x59, 0x29, 0x5b, 0x65, 0x5c, 0xa1, 0x5d, 0xda, 0x5e, 0x10, 0x60, 0x46, 0x61, 0x79, 0x62,
    0xaa, 0x63, 0xd9, 0x64, 0x07, 0x66, 0x31, 0x67, 0x5c, 0x68, 0x83, 0x69, 0xab, 0x6a, 0xcf, 0x6b,
    0xf3, 0x6c, 0x14, 0x6e, 0x34, 0x6f, 0x52, 0x70, 0x70, 0x71, 0x8c, 0x72, 0xa6, 0x73, 0xbf, 0x74,
    0xd5, 0x75, 0xec, 0x76, 0x00, 0x78, 0x14, 0x79, 0x26, 0x7a, 0x37, 0x7b, 0x46, 0x7c, 0x55, 0x7d,
    0x61, 0x7e, 0x6e, 0x7f, 0x79, 0x80, 0x82, 0x81, 0x8b, 0x82, 0x92, 0x83, 0x98, 0x84, 0x9e, 0x85,
    0xa2, 0x86, 0xa5, 0x87, 0xa7, 0x88, 0xa8, 0x89, 0xa8, 0x8a, 0xa8, 0x8b, 0xa6, 0x8c, 0xa3, 0x8d,
    0x9f, 0x8e, 0x9a, 0x8f, 0x95, 0x90, 0x8e, 0x91, 0x86, 0x92, 0x7f, 0x93, 0x75, 0x94, 0x6a, 0x95,
    0x60, 0x96, 0x54, 0x97, 0x47, 0x98, 0x3a, 0x99, 0x2c, 0x9a, 0x1d, 0x9b, 0x0d, 0x9c, 0xfd, 0x9c,
    0xeb, 0x9d, 0xd9, 0x9e, 0xc7, 0x9f, 0xb2, 0xa0, 0x9e, 0xa1, 0x89, 0xa2, 0x73, 0xa3, 0x5d, 0xa4,
    0x45, 0xa5, 0x2d, 0xa6, 0x15, 0xa7, 0xfb, 0xa7, 0xe2, 0xa8, 0xc7, 0xa9, 0xab, 0xaa, 0x90, 0xab,
    0x72, 0xac, 0x56, 0xad, 0x37, 0xae, 0x19, 0xaf, 0xfa, 0xaf, 0xda, 0xb0, 0xba, 0xb1, 0x99, 0xb2,
    0x78, 0xb3, 0x56, 0xb4, 0x33, 0xb5, 0x10, 0xb6, 0xeb, 0xb6, 0xc7, 0xb7, 0xa2, 0xb8, 0x7d, 0xb9,
    0x56, 0xba, 0x30, 0xbb, 0x08, 0xbc, 0xe1, 0xbc, 0xb8, 0xbd, 0x90, 0xbe, 0x66, 0xbf, 0x3c, 0xc0,
    0x11, 0xc1, 0xe6, 0xc1, 0xbb, 0xc2, 0x90, 0xc3, 0x64, 0xc4, 0x36, 0xc5, 0x09, 0xc6, 0xdb, 0xc6,
    0xad, 0xc7, 0x7e, 0xc8, 0x4e, 0xc9, 0x1f, 0xca, 0xef, 0xca, 0xbe, 0xcb, 0x8d, 0xcc, 0x5b, 0xcd,
    0x29, 0xce, 0xf7, 0xce, 0xc3, 0xcf, 0x91, 0xd0, 0x5d, 0xd1, 0x28, 0xd2, 0xf3, 0xd2, 0xbf, 0xd3,
    0x89, 0xd4, 0x53, 0xd5, 0x1d, 0xd6, 0xe6, 0xd6, 0xaf, 0xd7, 0x78, 0xd8, 0x3f, 0xd9, 0x07, 0xda,
    0xce, 0xda, 0x95, 0xdb, 0x5b, 0xdc, 0x22, 0xdd, 0xe8, 0xdd, 0xac, 0xde, 0x72, 0xdf, 0x36, 0xe0,
    0xfa, 0xe0, 0xbe, 0xe1, 0x81, 0xe2, 0x44, 0xe3, 0x07, 0xe4, 0xc9, 0xe4, 0x8b, 0xe5, 0x4d, 0xe6,
    0x0e, 0xe7, 0xcf, 0xe7, 0x8f, 0xe8, 0x4f, 0xe9, 0x0f, 0xea, 0xce, 0xea, 0x8e, 0xeb, 0x4d, 0xec,
    0x0b, 0xed, 0xc9, 0xed, 0x87, 0xee, 0x45, 0xef, 0x01, 0xf0, 0xbe, 0xf0, 0x7b, 0xf1, 0x38, 0xf2,
    0xf3, 0xf2, 0xaf, 0xf3, 0x6a, 0xf4, 0x25, 0xf5, 0xdf, 0xf5, 0x9a, 0xf6, 0x53, 0xf7, 0x0e, 0xf8,
    0xc6, 0xf8, 0x7f, 0xf9, 0x39, 0xfa, 0xcc, 0xfa, 0xcc, 0xfa, 0xcc, 0xfa, 0xcc, 0xfa, 0xcc, 0xfa,
    0xcc, 0xfa, 0xcc, 0xfa, 0xcc, 0xfa, 0xcc, 0xfa, 0xcc, 0xfa, 0xcc, 0xfa, 0xcc, 0xfa, 0xcc, 0xfa,
    0xcc, 0xfa, 0xcc, 0xfa, 0xcc, 0xfa, 0xcc, 0xfa, 0xcc, 0xfa, 0xcc, 0xfa, 0xcc, 0xfa, 0xcc, 0xfa,
    0xcc, 0xfa, 0xcc, 0xfa, 0xcc, 0xfa, 0x04, 0x00, 0x02, 0x00, 0x01, 0x00, 0x02, 0x00, 0x00, 0x00,
    0x00, 0x00, 0x00, 0x5d, 0x01, 0xd6, 0x04, 0x00, 0x08, 0xed, 0x0a, 0xae, 0x0d, 0x49, 0x10, 0xc6,
    0x12, 0x29, 0x15, 0x75, 0x17, 0xaf, 0x19, 0xd5, 0x1b, 0xed, 0x1d, 0xf6, 0x1f, 0xf3, 0x21, 0xe3,
    0x23, 0xc9, 0x25, 0xa4, 0x27, 0x78, 0x29, 0x41, 0x2b, 0x03, 0x2d, 0xbd, 0x2e, 0x70, 0x30, 0x1c,
    0x32, 0xc2, 0x33, 0x61, 0x35, 0xfc, 0x36, 0x90, 0x38, 0x20, 0x3a, 0xaa, 0x3b, 0x30, 0x3d, 0xb1,
    0x3e, 0x2e, 0x40, 0xa6, 0x41, 0x1b, 0x43, 0x8b, 0x44, 0xf9, 0x45, 0x61, 0x47, 0xc8, 0x48, 0x2a,
    0x4a, 0x8a, 0x4b, 0xe7, 0x4c, 0x40, 0x4e, 0x96, 0x4f, 0xea, 0x50, 0x3a, 0x52, 0x88, 0x53, 0xd4,
    0x54, 0x1d, 0x56, 0x63, 0x57, 0xa7, 0x58, 0xe9, 0x59, 0x29, 0x5b, 0x65, 0x5c, 0xa1, 0x5d, 0xda,
    0x5e, 0x10, 0x60, 0x46, 0x61, 0x79, 0x62, 0xaa, 0x63, 0xd9, 0x64, 0x07, 0x66, 0x31, 0x67, 0x5c,
    0x68, 0x83, 0x69, 0xab, 0x6a, 0xcf, 0x6b, 0xf3, 0x6c, 0x14, 0x6e, 0x34, 0x6f, 0x52, 0x70, 0x70,
    0x71, 0x8c, 0x72, 0xa6, 0x73, 0xbf, 0x74, 0xd5, 0x75, 0xec, 0x76, 0x00, 0x78, 0x14, 0x79, 0x26,
    0x7a, 0x37, 0x7b, 0x46, 0x7c, 0x55, 0x7d, 0x61, 0x7e, 0x6e, 0x7f, 0x79, 0x80, 0x82, 0x81, 0x8b,
    0x82, 0x92, 0x83, 0x98, 0x84, 0x9e, 0x85, 0xa2, 0x86, 0xa5, 0x87, 0xa7, 0x88, 0xa8, 0x89, 0xa8,
    0x8a, 0xa8, 0x8b, 0xa6, 0x8c, 0xa3, 0x8d, 0x9f, 0x8e, 0x9a, 0x8f, 0x95, 0x90, 0x8e, 0x91, 0x86,
    0x92, 0x7f, 0x93, 0x75, 0x94, 0x6a, 0x95, 0x60, 0x96, 0x54, 0x97, 0x47, 0x98, 0x3a, 0x99, 0x2c,
    0x9a, 0x1d, 0x9b, 0x0d, 0x9c, 0xfd, 0x9c, 0xeb, 0x9d, 0xd9, 0x9e, 0xc7, 0x9f, 0xb2, 0xa0, 0x9e,
    0xa1, 0x89, 0xa2, 0x73, 0xa3, 0x5d, 0xa4, 0x45, 0xa5, 0x2d, 0xa6, 0x15, 0xa7, 0xfb, 0xa7, 0xe2,
    0xa8, 0xc7, 0xa9, 0xab, 0xaa, 0x90, 0xab, 0x72, 0xac, 0x56, 0xad, 0x37, 0xae, 0x19, 0xaf, 0xfa,
    0xaf, 0xda, 0xb0, 0xba, 0xb1, 0x99, 0xb2, 0x78, 0xb3, 0x56, 0xb4, 0x33, 0xb5, 0x10, 0xb6, 0xeb,
    0xb6, 0xc7, 0xb7, 0xa2, 0xb8, 0x7d, 0xb9, 0x56, 0xba, 0x30, 0xbb, 0x08, 0xbc, 0xe1, 0xbc, 0xb8,
    0xbd, 0x90, 0xbe, 0x66, 0xbf, 0x3c, 0xc0, 0x11, 0xc1, 0xe6, 0xc1, 0xbb, 0xc2, 0x90, 0xc3, 0x64,
    0xc4, 0x36, 0xc5, 0x09, 0xc6, 0xdb, 0xc6, 0xad, 0xc7, 0x7e, 0xc8, 0x4e, 0xc9, 0x1f, 0xca, 0xef,
    0xca, 0xbe, 0xcb, 0x8d, 0xcc, 0x5b, 0xcd, 0x29, 0xce, 0xf7, 0xce, 0xc3, 0xcf, 0x91, 0xd0, 0x5d,
    0xd1, 0x28, 0xd2, 0xf3, 0xd2, 0xbf, 0xd3, 0x89, 0xd4, 0x53, 0xd5, 0x1d, 0xd6, 0xe6, 0xd6, 0xaf,
    0xd7, 0x78, 0xd8, 0x3f, 0xd9, 0x07, 0xda, 0xce, 0xda, 0x95, 0xdb, 0x5b, 0xdc, 0x22, 0xdd, 0xe8,
    0xdd, 0xac, 0xde, 0x72, 0xdf, 0x36, 0xe0, 0xfa, 0xe0, 0xbe, 0xe1, 0x81, 0xe2, 0x44, 0xe3, 0x07,
    0xe4, 0xc9, 0xe4, 0x8b, 0xe5, 0x4d, 0xe6, 0x0e, 0xe7, 0xcf, 0xe7, 0x8f, 0xe8, 0x4f, 0xe9, 0x0f,
    0xea, 0xce, 0xea, 0x8e, 0xeb, 0x4d, 0xec, 0x0b, 0xed, 0xc9, 0xed, 0x87, 0xee, 0x45, 0xef, 0x01,
    0xf0, 0xbe, 0xf0, 0x7b, 0xf1, 0x38, 0xf2, 0xf3, 0xf2, 0xaf, 0xf3, 0x6a, 0xf4, 0x25, 0xf5, 0xdf,
    0xf5, 0x9a, 0xf6, 0x53, 0xf7, 0x0e, 0xf8, 0xc6, 0xf8, 0x7f, 0xf9, 0x39, 0xfa, 0xcc, 0xfa, 0xcc,
    0xfa, 0xcc, 0xfa, 0xcc, 0xfa, 0xcc, 0xfa, 0xcc, 0xfa, 0xcc, 0xfa, 0xcc, 0xfa, 0xcc, 0xfa, 0xcc,
    0xfa, 0xcc, 0xfa, 0xcc, 0xfa, 0xcc, 0xfa, 0xcc, 0xfa, 0xcc, 0xfa, 0xcc, 0xfa, 0xcc, 0xfa, 0xcc,
    0xfa, 0xcc, 0xfa, 0xcc, 0xfa, 0xcc, 0xfa, 0xcc, 0xfa, 0xcc, 0xfa, 0xcc, 0xfa, 0x04, 0x00, 0x04,
    0x00, 0x01, 0x00, 0x02, 0x00, 0x00, 0x00, 0x00, 0x00, 0x00, 0x5d, 0x01, 0xd6, 0x04, 0x00, 0x08,
    0xed, 0x0a, 0xae, 0x0d, 0x49, 0x10, 0xc6, 0x12, 0x29, 0x15, 0x75, 0x17, 0xaf, 0x19, 0xd5, 0x1b,
    0xed, 0x1d, 0xf6, 0x1f, 0xf3, 0x21, 0xe3, 0x23, 0xc9, 0x25, 0xa4, 0x27, 0x78, 0x29, 0x41, 0x2b,
    0x03, 0x2d, 0xbd, 0x2e, 0x70, 0x30, 0x1c, 0x32, 0xc2, 0x33, 0x61, 0x35, 0xfc, 0x36, 0x90, 0x38,
    0x20, 0x3a, 0xaa, 0x3b, 0x30, 0x3d, 0xb1, 0x3e, 0x2e, 0x40, 0xa6, 0x41, 0x1b, 0x43, 0x8b, 0x44,
    0xf9, 0x45, 0x61, 0x47, 0xc8, 0x48, 0x2a, 0x4a, 0x8a, 0x4b, 0xe7, 0x4c, 0x40, 0x4e, 0x96, 0x4f,
    0xea, 0x50, 0x3a, 0x52, 0x88, 0x53, 0xd4, 0x54, 0x1d, 0x56, 0x63, 0x57, 0xa7, 0x58, 0xe9, 0x59,
    0x29, 0x5b, 0x65, 0x5c, 0xa1, 0x5d, 0xda, 0x5e, 0x10, 0x60, 0x46, 0x61, 0x79, 0x62, 0xaa, 0x63,
    0xd9, 0x64, 0x07, 0x66, 0x31, 0x67, 0x5c, 0x68, 0x83, 0x69, 0xab, 0x6a, 0xcf, 0x6b, 0xf3, 0x6c,
    0x14, 0x6e, 0x34, 0x6f, 0x52, 0x70, 0x70, 0x71, 0x8c, 0x72, 0xa6, 0x73, 0xbf, 0x74, 0xd5, 0x75,
    0xec, 0x76, 0x00, 0x78, 0x14, 0x79, 0x26, 0x7a, 0x37, 0x7b, 0x46, 0x7c, 0x55, 0x7d, 0x61, 0x7e,
    0x6e, 0x7f, 0x79, 0x80, 0x82, 0x81, 0x8b, 0x82, 0x92, 0x83, 0x98, 0x84, 0x9e, 0x85, 0xa2, 0x86,
    0xa5, 0x87, 0xa7, 0x88, 0xa8, 0x89, 0xa8, 0x8a, 0xa8, 0x8b, 0xa6, 0x8c, 0xa3, 0x8d, 0x9f, 0x8e,
    0x9a, 0x8f, 0x95, 0x90, 0x8e, 0x91, 0x86, 0x92, 0x7f, 0x93, 0x75, 0x94, 0x6a, 0x95, 0x60, 0x96,
    0x54, 0x97, 0x47, 0x98, 0x3a, 0x99, 0x2c, 0x9a, 0x1d, 0x9b, 0x0d, 0x9c, 0xfd, 0x9c, 0xeb, 0x9d,
    0xd9, 0x9e, 0xc7, 0x9f, 0xb2, 0xa0, 0x9e, 0xa1, 0x89, 0xa2, 0x73, 0xa3, 0x5d, 0xa4, 0x45, 0xa5,
    0x2d, 0xa6, 0x15, 0xa7, 0xfb, 0xa7, 0xe2, 0xa8, 0xc7, 0xa9, 0xab, 0xaa, 0x90, 0xab, 0x72, 0xac,
    0x56, 0xad, 0x37, 0xae, 0x19, 0xaf, 0xfa, 0xaf, 0xda, 0xb0, 0xba, 0xb1, 0x99, 0xb2, 0x78, 0xb3,
    0x56, 0xb4, 0x33, 0xb5, 0x10, 0xb6, 0xeb, 0xb6, 0xc7, 0xb7, 0xa2, 0xb8, 0x7d, 0xb9, 0x56, 0xba,
    0x30, 0xbb, 0x08, 0xbc, 0xe1, 0xbc, 0xb8, 0xbd, 0x90, 0xbe, 0x66, 0xbf, 0x3c, 0xc0, 0x11, 0xc1,
    0xe6, 0xc1, 0xbb, 0xc2, 0x90, 0xc3, 0x64, 0xc4, 0x36, 0xc5, 0x09, 0xc6, 0xdb, 0xc6, 0xad, 0xc7,
    0x7e, 0xc8, 0x4e, 0xc9, 0x1f, 0xca, 0xef, 0xca, 0xbe, 0xcb, 0x8d, 0xcc, 0x5b, 0xcd, 0x29, 0xce,
    0xf7, 0xce, 0xc3, 0xcf, 0x91, 0xd0, 0x5d, 0xd1, 0x28, 0xd2, 0xf3, 0xd2, 0xbf, 0xd3, 0x89, 0xd4,
    0x53, 0xd5, 0x1d, 0xd6, 0xe6, 0xd6, 0xaf, 0xd7, 0x78, 0xd8, 0x3f, 0xd9, 0x07, 0xda, 0xce, 0xda,
    0x95, 0xdb, 0x5b, 0xdc, 0x22, 0xdd, 0xe8, 0xdd, 0xac, 0xde, 0x72, 0xdf, 0x36, 0xe0, 0xfa, 0xe0,
    0xbe, 0xe1, 0x81, 0xe2, 0x44, 0xe3, 0x07, 0xe4, 0xc9, 0xe4, 0x8b, 0xe5, 0x4d, 0xe6, 0x0e, 0xe7,
    0xcf, 0xe7, 0x8f, 0xe8, 0x4f, 0xe9, 0x0f, 0xea, 0xce, 0xea, 0x8e, 0xeb, 0x4d, 0xec, 0x0b, 0xed,
    0xc9, 0xed, 0x87, 0xee, 0x45, 0xef, 0x01, 0xf0, 0xbe, 0xf0, 0x7b, 0xf1, 0x38, 0xf2, 0xf3, 0xf2,
    0xaf, 0xf3, 0x6a, 0xf4, 0x25, 0xf5, 0xdf, 0xf5, 0x9a, 0xf6, 0x53, 0xf7, 0x0e, 0xf8, 0xc6, 0xf8,
    0x7f, 0xf9, 0x39, 0xfa, 0xcc, 0xfa, 0xcc, 0xfa, 0xcc, 0xfa, 0xcc, 0xfa, 0xcc, 0xfa, 0xcc, 0xfa,
    0xcc, 0xfa, 0xcc, 0xfa, 0xcc, 0xfa, 0xcc, 0xfa, 0xcc, 0xfa, 0xcc, 0xfa, 0xcc, 0xfa, 0xcc, 0xfa,
    0xcc, 0xfa, 0xcc, 0xfa, 0xcc, 0xfa, 0xcc, 0xfa, 0xcc, 0xfa, 0xcc, 0xfa, 0xcc, 0xfa, 0xcc, 0xfa,
    0xcc, 0xfa, 0xcc, 0xfa, 0x02, 0x64, 0x00, 0x01, 0x14, 0x05, 0x08, 0xc5, 0x00, 0xc6, 0x00, 0xbd,
    0x00, 0xbe, 0x47, 0xc7, 0x00, 0xc8, 0x00, 0xc9, 0x00, 0xca, 0x00, 0x04, 0x14, 0x34, 0x1f, 0x30,
    0x00, 0x31, 0xa0, 0x32, 0x0a, 0x33, 0x96, 0x2c, 0x01, 0x2d, 0x90, 0x3d, 0x00, 0x3e, 0x00, 0x3f,
    0x01, 0x01, 0x02, 0x09, 0x00, 0xa0, 0x00, 0x07, 0x01, 0x01, 0x10, 0x00, 0x01, 0x01, 0x9d, 0x00,
    0x04, 0x00, 0x00, 0x00, 0x10, 0x20, 0x00, 0x8c, 0x0a, 0x8c, 0x0a, 0x8c, 0x0a, 0x8c, 0x0a, 0x8c,
    0x0a, 0x8c, 0x0a, 0x8c, 0x0a, 0x8c, 0x0a, 0x8c, 0x0a, 0x8c, 0x0a, 0x8c, 0x0a, 0x8c, 0x0a, 0x8c,
    0x0a, 0x8c, 0x0a, 0x8c, 0x0a, 0x8c, 0x0a, 0x04, 0x00, 0x80, 0x00, 0x10, 0x0c, 0x00, 0x8c, 0x0a,
    0x8c, 0x0a, 0x8c, 0x0a, 0x8c, 0x0a, 0x8c, 0x0a, 0x8c, 0x0a, 0x01, 0x03, 0x3d, 0x00, 0x3e, 0x00,
    0x3f, 0x01, 0x01, 0x02, 0x10, 0x02, 0x11, 0x58, 0x01, 0x02, 0x12, 0x04, 0x13, 0x7e, 0x01, 0x02,
    0x14, 0x06, 0x15, 0x8b, 0x01, 0x01, 0x0d, 0x01, 0x01, 0x01, 0x0d, 0x00, 0x01, 0x01, 0x0d, 0x10,
    0x01, 0x01, 0x6b, 0x81, 0x02, 0x14, 0x00, 0x01, 0x01, 0x63, 0x20, 0x04, 0x00, 0xc0, 0x00, 0x10,
    0x02, 0x00, 0x46, 0x05, 0x01, 0x17, 0x02, 0x58, 0x38, 0x3f, 0x39, 0x48, 0x21, 0x06, 0x64, 0x3f,
    0x65, 0x2b, 0x60, 0x20, 0x61, 0x00, 0x62, 0x00, 0x69, 0x06, 0x8f, 0x00, 0x90, 0x00, 0x91, 0x00,
    0x92, 0x00, 0x93, 0x96, 0x95, 0x01, 0x96, 0xa5, 0x97, 0xe0, 0x0a, 0x20, 0x6a, 0x01, 0x3d, 0x00,
    0x3e, 0x00, 0x3f, 0x01, 0x01, 0x01, 0x0f, 0x01, 0x01, 0x01, 0x6b, 0x01, 0x08, 0x01, 0x01, 0x08,
    0x10, 0x01, 0x08, 0x02, 0x50, 0x6a, 0x04, 0x3d, 0x00, 0x3e, 0x00, 0x3f, 0x01, 0x35, 0x00, 0x36,
    0x00, 0x37, 0xd4, 0x01, 0x01, 0x20, 0x10, 0x01, 0x01, 0x9f, 0x00, 0x01, 0x01, 0x02, 0x50, 0x01,
    0x01, 0x08, 0x50, 0x01, 0x01, 0xa8, 0x00, 0x01, 0x01, 0x01, 0xa1, 0x01, 0x01, 0x0f, 0xff, 0x02,
    0x14, 0x00, 0x01, 0x01, 0x01, 0xe1, 0x00,
};

static const uint8_t prog_setparams_300_color[419] = {
    0x01, 0x20, 0x01, 0xa0, 0x02, 0x70, 0x03, 0x92, 0x04, 0x10, 0x05, 0x00, 0x06, 0x50, 0x08, 0x10,
    0x09, 0x00, 0x0a, 0x00, 0x0c, 0x02, 0x0b, 0x09, 0x0d, 0x00, 0x10, 0x00, 0x11, 0x00, 0x12, 0x00,
    0x13, 0x00, 0x14, 0x00, 0x15, 0x00, 0x16, 0x00, 0x17, 0x01, 0x18, 0x04, 0x19, 0xe0, 0x1a, 0x26,
    0x1b, 0x00, 0x1c, 0x00, 0x1d, 0x0f, 0x1e, 0x10, 0x1f, 0x01, 0x20, 0x10, 0x21, 0x04, 0x22, 0x50,
    0x23, 0x50, 0x01, 0x20, 0x24, 0x04, 0x25, 0x00, 0x26, 0x00, 0x27, 0x00, 0x2c, 0x02, 0x2d, 0x58,
    0x2e, 0x80, 0x2f, 0x80, 0x30, 0x00, 0x31, 0x14, 0x32, 0x27, 0x33, 0xec, 0x34, 0x1f, 0x35, 0x00,
    0x36, 0x40, 0x37, 0x00, 0x38, 0x0e, 0x39, 0x0f, 0x3d, 0x00, 0x3e, 0x00, 0x3f, 0x01, 0x52, 0x00,
    0x53, 0x01, 0x54, 0x02, 0x55, 0x03, 0x56, 0x04, 0x57, 0x05, 0x58, 0x31, 0x59, 0x00, 0x5a, 0x40,
    0x5e, 0x88, 0x5f, 0x01, 0x01, 0x20, 0x66, 0x00, 0x67, 0x3f, 0x68, 0x3f, 0x69, 0x01, 0x6a, 0x04,
    0x6b, 0x01, 0x6e, 0x6b, 0x6c, 0x41, 0x6f, 0x80, 0x6d, 0x80, 0x70, 0x04, 0x71, 0x06, 0x72, 0x07,
    0x73, 0x08, 0x74, 0x00, 0x75, 0x00, 0x76, 0x00, 0x77, 0x00, 0x78, 0x07, 0x79, 0xfc, 0x7a, 0x03,
    0x7b, 0xff, 0x7c, 0xff, 0x87, 0x00, 0x9d, 0x00, 0x9e, 0x00, 0x9f, 0x00, 0xa2, 0x0f, 0xa8, 0x00,
    0xa9, 0x40, 0xab, 0x30, 0xad, 0x08, 0x01, 0x04, 0xae, 0x3f, 0xb8, 0x03, 0xbd, 0x00, 0xbe, 0x47,
    0x01, 0x1b, 0x51, 0x01, 0x3a, 0x00, 0x3b, 0x35, 0x51, 0x02, 0x3a, 0x00, 0x3b, 0x80, 0x51, 0x03,
    0x3a, 0x00, 0x3b, 0x04, 0x51, 0x20, 0x3a, 0x00, 0x3b, 0x80, 0x51, 0x21, 0x3a, 0x00, 0x3b, 0x80,
    0x51, 0x22, 0x3a, 0x00, 0x3b, 0x80, 0x51, 0x28, 0x3a, 0x00, 0x3b, 0xbb, 0x51, 0x29, 0x3a, 0x00,
    0x3b, 0x4b, 0x51, 0x2a, 0x3a, 0x00, 0x3b, 0x4b, 0x01, 0x1b, 0x51, 0x01, 0x3a, 0x00, 0x3b, 0x35,
    0x51, 0x02, 0x3a, 0x00, 0x3b, 0x88, 0x51, 0x03, 0x3a, 0x00, 0x3b, 0x02, 0x51, 0x20, 0x3a, 0x00,
    0x3b, 0x80, 0x51, 0x21, 0x3a, 0x00, 0x3b, 0x70, 0x51, 0x22, 0x3a, 0x00, 0x3b, 0x70, 0x51, 0x28,
    0x3a, 0x00, 0x3b, 0x4b, 0x51, 0x29, 0x3a, 0x00, 0x3b, 0xd5, 0x51, 0x2a, 0x3a, 0x00, 0x3b, 0xd5,
    0x01, 0x01, 0x0b, 0x09, 0x03, 0x10, 0x0a, 0x03, 0x13, 0x0e, 0x01, 0x01, 0xd0, 0x0a, 0x01, 0x01,
    0xd1, 0x0d, 0x01, 0x01, 0xd2, 0x10, 0x01, 0x02, 0xe0, 0x00, 0xe1, 0x4c, 0x01, 0x02, 0xe2, 0x02,
    0xe3, 0x25, 0x01, 0x02, 0xe4, 0x02, 0xe5, 0x26, 0x01, 0x02, 0xe6, 0x03, 0xe7, 0xff, 0x01, 0x02,
    0xe8, 0x00, 0xe9, 0x4c, 0x01, 0x02, 0xea, 0x02, 0xeb, 0x25, 0x01, 0x02, 0xec, 0x02, 0xed, 0x26,
    0x01, 0x02, 0xee, 0x03, 0xef, 0xff, 0x01, 0x02, 0xf0, 0x00, 0xf1, 0x4c, 0x01, 0x02, 0xf2, 0x02,
    0xf3, 0x25, 0x01, 0x02, 0xf4, 0x02, 0xf5, 0x26, 0x01, 0x02, 0xf6, 0x03, 0xf7, 0xff, 0x01, 0x01,
    0xf8, 0x01, 0x00,
};
static const uint8_t prog_calib_300_color[655] = {
    0x01, 0x20, 0x01, 0xa0, 0x02, 0x70, 0x03, 0x92, 0x04, 0x10, 0x05, 0x00, 0x06, 0x50, 0x08, 0x10,
    0x09, 0x00, 0x0a, 0x00, 0x0c, 0x02, 0x0b, 0x09, 0x0d, 0x00, 0x10, 0x00, 0x11, 0x00, 0x12, 0x00,
    0x13, 0x00, 0x14, 0x00, 0x15, 0x00, 0x16, 0x00, 0x17, 0x01, 0x18, 0x04, 0x19, 0xe0, 0x1a, 0x26,
    0x1b, 0x00, 0x1c, 0x00, 0x1d, 0x0f, 0x1e, 0x10, 0x1f, 0x01, 0x20, 0x10, 0x21, 0x04, 0x22, 0x50,
    0x23, 0x50, 0x01, 0x20, 0x24, 0x04, 0x25, 0x00, 0x26, 0x00, 0x27, 0x00, 0x2c, 0x02, 0x2d, 0x58,
    0x2e, 0x80, 0x2f, 0x80, 0x30, 0x00, 0x31, 0x14, 0x32, 0x27, 0x33, 0xec, 0x34, 0x1f, 0x35, 0x00,
    0x36, 0x40, 0x37, 0x00, 0x38, 0x0e, 0x39, 0x0f, 0x3d, 0x00, 0x3e, 0x00, 0x3f, 0x01, 0x52, 0x00,
    0x53, 0x01, 0x54, 0x02, 0x55, 0x03, 0x56, 0x04, 0x57, 0x05, 0x58, 0x31, 0x59, 0x00, 0x5a, 0x40,
    0x5e, 0x88, 0x5f, 0x01, 0x01, 0x20, 0x66, 0x00, 0x67, 0x3f, 0x68, 0x3f, 0x69, 0x01, 0x6a, 0x04,
    0x6b, 0x01, 0x6e, 0x6b, 0x6c, 0x41, 0x6f, 0x80, 0x6d, 0x80, 0x70, 0x04, 0x71, 0x06, 0x72, 0x07,
    0x73, 0x08, 0x74, 0x00, 0x75, 0x00, 0x76, 0x00, 0x77, 0x00, 0x78, 0x07, 0x79, 0xfc, 0x7a, 0x03,
    0x7b, 0xff, 0x7c, 0xff, 0x87, 0x00, 0x9d, 0x00, 0x9e, 0x00, 0x9f, 0x00, 0xa2, 0x0f, 0xa8, 0x00,
    0xa9, 0x40, 0xab, 0x30, 0xad, 0x08, 0x01, 0x04, 0xae, 0x3f, 0xb8, 0x03, 0xbd, 0x00, 0xbe, 0x47,
    0x01, 0x1b, 0x51, 0x01, 0x3a, 0x00, 0x3b, 0x35, 0x51, 0x02, 0x3a, 0x00, 0x3b, 0x80, 0x51, 0x03,
    0x3a, 0x00, 0x3b, 0x04, 0x51, 0x20, 0x3a, 0x00, 0x3b, 0x80, 0x51, 0x21, 0x3a, 0x00, 0x3b, 0x80,
    0x51, 0x22, 0x3a, 0x00, 0x3b, 0x80, 0x51, 0x28, 0x3a, 0x00, 0x3b, 0xbb, 0x51, 0x29, 0x3a, 0x00,
    0x3b, 0x4b, 0x51, 0x2a, 0x3a, 0x00, 0x3b, 0x4b, 0x01, 0x1b, 0x51, 0x01, 0x3a, 0x00, 0x3b, 0x35,
    0x51, 0x02, 0x3a, 0x00, 0x3b, 0x88, 0x51, 0x03, 0x3a, 0x00, 0x3b, 0x02, 0x51, 0x20, 0x3a, 0x00,
    0x3b, 0x80, 0x51, 0x21, 0x3a, 0x00, 0x3b, 0x70, 0x51, 0x22, 0x3a, 0x00, 0x3b, 0x70, 0x51, 0x28,
    0x3a, 0x00, 0x3b, 0x4b, 0x51, 0x29, 0x3a, 0x00, 0x3b, 0xd5, 0x51, 0x2a, 0x3a, 0x00, 0x3b, 0xd5,
    0x01, 0x01, 0x0b, 0x09, 0x03, 0x10, 0x0a, 0x03, 0x13, 0x0e, 0x01, 0x01, 0xd0, 0x0a, 0x01, 0x01,
    0xd1, 0x0d, 0x01, 0x01, 0xd2, 0x10, 0x01, 0x02, 0xe0, 0x00, 0xe1, 0x4c, 0x01, 0x02, 0xe2, 0x02,
    0xe3, 0x25, 0x01, 0x02, 0xe4, 0x02, 0xe5, 0x26, 0x01, 0x02, 0xe6, 0x03, 0xe7, 0xff, 0x01, 0x02,
    0xe8, 0x00, 0xe9, 0x4c, 0x01, 0x02, 0xea, 0x02, 0xeb, 0x25, 0x01, 0x02, 0xec, 0x02, 0xed, 0x26,
    0x01, 0x02, 0xee, 0x03, 0xef, 0xff, 0x01, 0x02, 0xf0, 0x00, 0xf1, 0x4c, 0x01, 0x02, 0xf2, 0x02,
    0xf3, 0x25, 0x01, 0x02, 0xf4, 0x02, 0xf5, 0x26, 0x01, 0x02, 0xf6, 0x03, 0xf7, 0xff, 0x01, 0x01,
    0xf8, 0x01, 0x01, 0x01, 0xa7, 0x01, 0x01, 0x01, 0xa6, 0x1d, 0x01, 0x12, 0x51, 0x20, 0x3a, 0x00,
    0x3b, 0x80, 0x51, 0x28, 0x3a, 0x00, 0x3b, 0x4b, 0x51, 0x21, 0x3a, 0x00, 0x3b, 0x70, 0x51, 0x29,
    0x3a, 0x00, 0x3b, 0xd5, 0x51, 0x22, 0x3a, 0x00, 0x3b, 0x70, 0x51, 0x2a, 0x3a, 0x00, 0x3b, 0xd5,
    0x01, 0x01, 0xd0, 0x0a, 0x01, 0x01, 0xd1, 0x0d, 0x01, 0x01, 0xd2, 0x10, 0x01, 0x02, 0xe0, 0x00,
    0xe1, 0x4c, 0x01, 0x02, 0xe2, 0x02, 0xe3, 0x25, 0x01, 0x02, 0xe4, 0x02, 0xe5, 0x26, 0x01, 0x02,
    0xe6, 0x03, 0xe7, 0xff, 0x01, 0x02, 0xe8, 0x00, 0xe9, 0x4c, 0x01, 0x02, 0xea, 0x02, 0xeb, 0x25,
    0x01, 0x02, 0xec, 0x02, 0xed, 0x26, 0x01, 0x02, 0xee, 0x03, 0xef, 0xff, 0x01, 0x02, 0xf0, 0x00,
    0xf1, 0x4c, 0x01, 0x02, 0xf2, 0x02, 0xf3, 0x25, 0x01, 0x02, 0xf4, 0x02, 0xf5, 0x26, 0x01, 0x02,
    0xf6, 0x03, 0xf7, 0xff, 0x01, 0x01, 0xf8, 0x01, 0x01, 0x01, 0x6e, 0x6f, 0x01, 0x01, 0x7e, 0x02,
    0x01, 0x01, 0x7f, 0x0b, 0x02, 0x0a, 0x00, 0x05, 0x06, 0x00, 0x00, 0x40, 0x01, 0x10, 0x38, 0x2a,
    0x00, 0x00, 0x00, 0x00, 0x00, 0x00, 0x00, 0x02, 0x64, 0x00, 0x06, 0x01, 0x00, 0xa0, 0x01, 0x10,
    0x38, 0x2a, 0x00, 0x00, 0x00, 0x00, 0x00, 0x00, 0x00, 0x02, 0x64, 0x00, 0x06, 0x02, 0x00, 0x00,
    0x02, 0x10, 0x38, 0x2a, 0x00, 0x00, 0x00, 0x00, 0x00, 0x00, 0x00, 0x02, 0x64, 0x00, 0x01, 0x01,
    0x01, 0xa0, 0x01, 0x01, 0x02, 0x70, 0x01, 0x01, 0x1e, 0x10, 0x01, 0x01, 0x9d, 0x00, 0x01, 0x01,
    0x6e, 0x6f, 0x01, 0x01, 0x7e, 0x00, 0x01, 0x01, 0xa7, 0x00, 0x01, 0x01, 0xa6, 0x1c, 0x00,
};
static const uint8_t prog_start_300_color[1875] = {
    0x01, 0x01, 0x80, 0x00, 0x01, 0x01, 0x80, 0x00, 0x01, 0x01, 0x60, 0x20, 0x01, 0x01, 0x63, 0x00,
    0x01, 0x01, 0x0d, 0x00, 0x01, 0x01, 0x6f, 0x80, 0x01, 0x01, 0x6d, 0x9f, 0x02, 0xf4, 0x01, 0x04,
    0x00, 0x00, 0x00, 0x01, 0x00, 0x02, 0x00, 0x00, 0x00, 0x00, 0x00, 0x00, 0x5d, 0x01, 0xd6, 0x04,
    0x00, 0x08, 0xed, 0x0a, 0xae, 0x0d, 0x49, 0x10, 0xc6, 0x12, 0x29, 0x15, 0x75, 0x17, 0xaf, 0x19,
    0xd5, 0x1b, 0xed, 0x1d, 0xf6, 0x1f, 0xf3, 0x21, 0xe3, 0x23, 0xc9, 0x25, 0xa4, 0x27, 0x78, 0x29,
    0x41, 0x2b, 0x03, 0x2d, 0xbd, 0x2e, 0x70, 0x30, 0x1c, 0x32, 0xc2, 0x33, 0x61, 0x35, 0xfc, 0x36,
    0x90, 0x38, 0x20, 0x3a, 0xaa, 0x3b, 0x30, 0x3d, 0xb1, 0x3e, 0x2e, 0x40, 0xa6, 0x41, 0x1b, 0x43,
    0x8b, 0x44, 0xf9, 0x45, 0x61, 0x47, 0xc8, 0x48, 0x2a, 0x4a, 0x8a, 0x4b, 0xe7, 0x4c, 0x40, 0x4e,
    0x96, 0x4f, 0xea, 0x50, 0x3a, 0x52, 0x88, 0x53, 0xd4, 0x54, 0x1d, 0x56, 0x63, 0x57, 0xa7, 0x58,
    0xe9, 0x59, 0x29, 0x5b, 0x65, 0x5c, 0xa1, 0x5d, 0xda, 0x5e, 0x10, 0x60, 0x46, 0x61, 0x79, 0x62,
    0xaa, 0x63, 0xd9, 0x64, 0x07, 0x66, 0x31, 0x67, 0x5c, 0x68, 0x83, 0x69, 0xab, 0x6a, 0xcf, 0x6b,
    0xf3, 0x6c, 0x14, 0x6e, 0x34, 0x6f, 0x52, 0x70, 0x70, 0x71, 0x8c, 0x72, 0xa6, 0x73, 0xbf, 0x74,
    0xd5, 0x75, 0xec, 0x76, 0x00, 0x78, 0x14, 0x79, 0x26, 0x7a, 0x37, 0x7b, 0x46, 0x7c, 0x55, 0x7d,
    0x61, 0x7e, 0x6e, 0x7f, 0x79, 0x80, 0x82, 0x81, 0x8b, 0x82, 0x92, 0x83, 0x98, 0x84, 0x9e, 0x85,
    0xa2, 0x86, 0xa5, 0x87, 0xa7, 0x88, 0xa8, 0x89, 0xa8, 0x8a, 0xa8, 0x8b, 0xa6, 0x8c, 0xa3, 0x8d,
    0x9f, 0x8e, 0x9a, 0x8f, 0x95, 0x90, 0x8e, 0x91, 0x86, 0x92, 0x7f, 0x93, 0x75, 0x94, 0x6a, 0x95,
    0x60, 0x96, 0x54, 0x97, 0x47, 0x98, 0x3a, 0x99, 0x2c, 0x9a, 0x1d, 0x9b, 0x0d, 0x9c, 0xfd, 0x9c,
    0xeb, 0x9d, 0xd9, 0x9e, 0xc7, 0x9f, 0xb2, 0xa0, 0x9e, 0xa1, 0x89, 0xa2, 0x73, 0xa3, 0x5d, 0xa4,
    0x45, 0xa5, 0x2d, 0xa6, 0x15, 0xa7, 0xfb, 0xa7, 0xe2, 0xa8, 0xc7, 0xa9, 0xab, 0xaa, 0x90, 0xab,
    0x72, 0xac, 0x56, 0xad, 0x37, 0xae, 0x19, 0xaf, 0xfa, 0xaf, 0xda, 0xb0, 0xba, 0xb1, 0x99, 0xb2,
    0x78, 0xb3, 0x56, 0xb4, 0x33, 0xb5, 0x10, 0xb6, 0xeb, 0xb6, 0xc7, 0xb7, 0xa2, 0xb8, 0x7d, 0xb9,
    0x56, 0xba, 0x30, 0xbb, 0x08, 0xbc, 0xe1, 0xbc, 0xb8, 0xbd, 0x90, 0xbe, 0x66, 0xbf, 0x3c, 0xc0,
    0x11, 0xc1, 0xe6, 0xc1, 0xbb, 0xc2, 0x90, 0xc3, 0x64, 0xc4, 0x36, 0xc5, 0x09, 0xc6, 0xdb, 0xc6,
    0xad, 0xc7, 0x7e, 0xc8, 0x4e, 0xc9, 0x1f, 0xca, 0xef, 0xca, 0xbe, 0xcb, 0x8d, 0xcc, 0x5b, 0xcd,
    0x29, 0xce, 0xf7, 0xce, 0xc3, 0xcf, 0x91, 0xd0, 0x5d, 0xd1, 0x28, 0xd2, 0xf3, 0xd2, 0xbf, 0xd3,
    0x89, 0xd4, 0x53, 0xd5, 0x1d, 0xd6, 0xe6, 0xd6, 0xaf, 0xd7, 0x78, 0xd8, 0x3f, 0xd9, 0x07, 0xda,
    0xce, 0xda, 0x95, 0xdb, 0x5b, 0xdc, 0x22, 0xdd, 0xe8, 0xdd, 0xac, 0xde, 0x72, 0xdf, 0x36, 0xe0,
    0xfa, 0xe0, 0xbe, 0xe1, 0x81, 0xe2, 0x44, 0xe3, 0x07, 0xe4, 0xc9, 0xe4, 0x8b, 0xe5, 0x4d, 0xe6,
    0x0e, 0xe7, 0xcf, 0xe7, 0x8f, 0xe8, 0x4f, 0xe9, 0x0f, 0xea, 0xce, 0xea, 0x8e, 0xeb, 0x4d, 0xec,
    0x0b, 0xed, 0xc9, 0xed, 0x87, 0xee, 0x45, 0xef, 0x01, 0xf0, 0xbe, 0xf0, 0x7b, 0xf1, 0x38, 0xf2,
    0xf3, 0xf2, 0xaf, 0xf3, 0x6a, 0xf4, 0x25, 0xf5, 0xdf, 0xf5, 0x9a, 0xf6, 0x53, 0xf7, 0x0e, 0xf8,
    0xc6, 0xf8, 0x7f, 0xf9, 0x39, 0xfa, 0xcc, 0xfa, 0xcc, 0xfa, 0xcc, 0xfa, 0xcc, 0xfa, 0xcc, 0xfa,
    0xcc, 0xfa, 0xcc, 0xfa, 0xcc, 0xfa, 0xcc, 0xfa, 0xcc, 0xfa, 0xcc, 0xfa, 0xcc, 0xfa, 0xcc, 0xfa,
    0xcc, 0xfa, 0xcc, 0xfa, 0xcc, 0xfa, 0xcc, 0xfa, 0xcc, 0xfa, 0xcc, 0xfa, 0xcc, 0xfa, 0xcc, 0xfa,
    0xcc, 0xfa, 0xcc, 0xfa, 0xcc, 0xfa, 0x04, 0x00, 0x02, 0x00, 0x01, 0x00, 0x02, 0x00, 0x00, 0x00,
    0x00, 0x00, 0x00, 0x5d, 0x01, 0xd6, 0x04, 0x00, 0x08, 0xed, 0x0a, 0xae, 0x0d, 0x49, 0x10, 0xc6,
    0x12, 0x29, 0x15, 0x75, 0x17, 0xaf, 0x19, 0xd5, 0x1b, 0xed, 0x1d, 0xf6, 0x1f, 0xf3, 0x21, 0xe3,
    0x23, 0xc9, 0x25, 0xa4, 0x27, 0x78, 0x29, 0x41, 0x2b, 0x03, 0x2d, 0xbd, 0x2e, 0x70, 0x30, 0x1c,
    0x32, 0xc2, 0x33, 0x61, 0x35, 0xfc, 0x36, 0x90, 0x38, 0x20, 0x3a, 0xaa, 0x3b, 0x30, 0x3d, 0xb1,
    0x3e, 0x2e, 0x40, 0xa6, 0x41, 0x1b, 0x43, 0x8b, 0x44, 0xf9, 0x45, 0x61, 0x47, 0xc8, 0x48, 0x2a,
    0x4a, 0x8a, 0x4b, 0xe7, 0x4c, 0x40, 0x4e, 0x96, 0x4f, 0xea, 0x50, 0x3a, 0x52, 0x88, 0x53, 0xd4,
    0x54, 0x1d, 0x56, 0x63, 0x57, 0xa7, 0x58, 0xe9, 0x59, 0x29, 0x5b, 0x65, 0x5c, 0xa1, 0x5d, 0xda,
    0x5e, 0x10, 0x60, 0x46, 0x61, 0x79, 0x62, 0xaa, 0x63, 0xd9, 0x64, 0x07, 0x66, 0x31, 0x67, 0x5c,
    0x68, 0x83, 0x69, 0xab, 0x6a, 0xcf, 0x6b, 0xf3, 0x6c, 0x14, 0x6e, 0x34, 0x6f, 0x52, 0x70, 0x70,
    0x71, 0x8c, 0x72, 0xa6, 0x73, 0xbf, 0x74, 0xd5, 0x75, 0xec, 0x76, 0x00, 0x78, 0x14, 0x79, 0x26,
    0x7a, 0x37, 0x7b, 0x46, 0x7c, 0x55, 0x7d, 0x61, 0x7e, 0x6e, 0x7f, 0x79, 0x80, 0x82, 0x81, 0x8b,
    0x82, 0x92, 0x83, 0x98, 0x84, 0x9e, 0x85, 0xa2, 0x86, 0xa5, 0x87, 0xa7, 0x88, 0xa8, 0x89, 0xa8,
    0x8a, 0xa8, 0x8b, 0xa6, 0x8c, 0xa3, 0x8d, 0x9f, 0x8e, 0x9a, 0x8f, 0x95, 0x90, 0x8e, 0x91, 0x86,
    0x92, 0x7f, 0x93, 0x75, 0x94, 0x6a, 0x95, 0x60, 0x96, 0x54, 0x97, 0x47, 0x98, 0x3a, 0x99, 0x2c,
    0x9a, 0x1d, 0x9b, 0x0d, 0x9c, 0xfd, 0x9c, 0xeb, 0x9d, 0xd9, 0x9e, 0xc7, 0x9f, 0xb2, 0xa0, 0x9e,
    0xa1, 0x89, 0xa2, 0x73, 0xa3, 0x5d, 0xa4, 0x45, 0xa5, 0x2d, 0xa6, 0x15, 0xa7, 0xfb, 0xa7, 0xe2,
    0xa8, 0xc7, 0xa9, 0xab, 0xaa, 0x90, 0xab, 0x72, 0xac, 0x56, 0xad, 0x37, 0xae, 0x19, 0xaf, 0xfa,
    0xaf, 0xda, 0xb0, 0xba, 0xb1, 0x99, 0xb2, 0x78, 0xb3, 0x56, 0xb4, 0x33, 0xb5, 0x10, 0xb6, 0xeb,
    0xb6, 0xc7, 0xb7, 0xa2, 0xb8, 0x7d, 0xb9, 0x56, 0xba, 0x30, 0xbb, 0x08, 0xbc, 0xe1, 0xbc, 0xb8,
    0xbd, 0x90, 0xbe, 0x66, 0xbf, 0x3c, 0xc0, 0x11, 0xc1, 0xe6, 0xc1, 0xbb, 0xc2, 0x90, 0xc3, 0x64,
    0xc4, 0x36, 0xc5, 0x09, 0xc6, 0xdb, 0xc6, 0xad, 0xc7, 0x7e, 0xc8, 0x4e, 0xc9, 0x1f, 0xca, 0xef,
    0xca, 0xbe, 0xcb, 0x8d, 0xcc, 0x5b, 0xcd, 0x29, 0xce, 0xf7, 0xce, 0xc3, 0xcf, 0x91, 0xd0, 0x5d,
    0xd1, 0x28, 0xd2, 0xf3, 0xd2, 0xbf, 0xd3, 0x89, 0xd4, 0x53, 0xd5, 0x1d, 0xd6, 0xe6, 0xd6, 0xaf,
    0xd7, 0x78, 0xd8, 0x3f, 0xd9, 0x07, 0xda, 0xce, 0xda, 0x95, 0xdb, 0x5b, 0xdc, 0x22, 0xdd, 0xe8,
    0xdd, 0xac, 0xde, 0x72, 0xdf, 0x36, 0xe0, 0xfa, 0xe0, 0xbe, 0xe1, 0x81, 0xe2, 0x44, 0xe3, 0x07,
    0xe4, 0xc9, 0xe4, 0x8b, 0xe5, 0x4d, 0xe6, 0x0e, 0xe7, 0xcf, 0xe7, 0x8f, 0xe8, 0x4f, 0xe9, 0x0f,
    0xea, 0xce, 0xea, 0x8e, 0xeb, 0x4d, 0xec, 0x0b, 0xed, 0xc9, 0xed, 0x87, 0xee, 0x45, 0xef, 0x01,
    0xf0, 0xbe, 0xf0, 0x7b, 0xf1, 0x38, 0xf2, 0xf3, 0xf2, 0xaf, 0xf3, 0x6a, 0xf4, 0x25, 0xf5, 0xdf,
    0xf5, 0x9a, 0xf6, 0x53, 0xf7, 0x0e, 0xf8, 0xc6, 0xf8, 0x7f, 0xf9, 0x39, 0xfa, 0xcc, 0xfa, 0xcc,
    0xfa, 0xcc, 0xfa, 0xcc, 0xfa, 0xcc, 0xfa, 0xcc, 0xfa, 0xcc, 0xfa, 0xcc, 0xfa, 0xcc, 0xfa, 0xcc,
    0xfa, 0xcc, 0xfa, 0xcc, 0xfa, 0xcc, 0xfa, 0xcc, 0xfa, 0xcc, 0xfa, 0xcc, 0xfa, 0xcc, 0xfa, 0xcc,
    0xfa, 0xcc, 0xfa, 0xcc, 0xfa, 0xcc, 0xfa, 0xcc, 0xfa, 0xcc, 0xfa, 0xcc, 0xfa, 0x04, 0x00, 0x04,
    0x00, 0x01, 0x00, 0x02, 0x00, 0x00, 0x00, 0x00, 0x00, 0x00, 0x5d, 0x01, 0xd6, 0x04, 0x00, 0x08,
    0xed, 0x0a, 0xae, 0x0d, 0x49, 0x10, 0xc6, 0x12, 0x29, 0x15, 0x75, 0x17, 0xaf, 0x19, 0xd5, 0x1b,
    0xed, 0x1d, 0xf6, 0x1f, 0xf3, 0x21, 0xe3, 0x23, 0xc9, 0x25, 0xa4, 0x27, 0x78, 0x29, 0x41, 0x2b,
    0x03, 0x2d, 0xbd, 0x2e, 0x70, 0x30, 0x1c, 0x32, 0xc2, 0x33, 0x61, 0x35, 0xfc, 0x36, 0x90, 0x38,
    0x20, 0x3a, 0xaa, 0x3b, 0x30, 0x3d, 0xb1, 0x3e, 0x2e, 0x40, 0xa6, 0x41, 0x1b, 0x43, 0x8b, 0x44,
    0xf9, 0x45, 0x61, 0x47, 0xc8, 0x48, 0x2a, 0x4a, 0x8a, 0x4b, 0xe7, 0x4c, 0x40, 0x4e, 0x96, 0x4f,
    0xea, 0x50, 0x3a, 0x52, 0x88, 0x53, 0xd4, 0x54, 0x1d, 0x56, 0x63, 0x57, 0xa7, 0x58, 0xe9, 0x59,
    0x29, 0x5b, 0x65, 0x5c, 0xa1, 0x5d, 0xda, 0x5e, 0x10, 0x60, 0x46, 0x61, 0x79, 0x62, 0xaa, 0x63,
    0xd9, 0x64, 0x07, 0x66, 0x31, 0x67, 0x5c, 0x68, 0x83, 0x69, 0xab, 0x6a, 0xcf, 0x6b, 0xf3, 0x6c,
    0x14, 0x6e, 0x34, 0x6f, 0x52, 0x70, 0x70, 0x71, 0x8c, 0x72, 0xa6, 0x73, 0xbf, 0x74, 0xd5, 0x75,
    0xec, 0x76, 0x00, 0x78, 0x14, 0x79, 0x26, 0x7a, 0x37, 0x7b, 0x46, 0x7c, 0x55, 0x7d, 0x61, 0x7e,
    0x6e, 0x7f, 0x79, 0x80, 0x82, 0x81, 0x8b, 0x82, 0x92, 0x83, 0x98, 0x84, 0x9e, 0x85, 0xa2, 0x86,
    0xa5, 0x87, 0xa7, 0x88, 0xa8, 0x89, 0xa8, 0x8a, 0xa8, 0x8b, 0xa6, 0x8c, 0xa3, 0x8d, 0x9f, 0x8e,
    0x9a, 0x8f, 0x95, 0x90, 0x8e, 0x91, 0x86, 0x92, 0x7f, 0x93, 0x75, 0x94, 0x6a, 0x95, 0x60, 0x96,
    0x54, 0x97, 0x47, 0x98, 0x3a, 0x99, 0x2c, 0x9a, 0x1d, 0x9b, 0x0d, 0x9c, 0xfd, 0x9c, 0xeb, 0x9d,
    0xd9, 0x9e, 0xc7, 0x9f, 0xb2, 0xa0, 0x9e, 0xa1, 0x89, 0xa2, 0x73, 0xa3, 0x5d, 0xa4, 0x45, 0xa5,
    0x2d, 0xa6, 0x15, 0xa7, 0xfb, 0xa7, 0xe2, 0xa8, 0xc7, 0xa9, 0xab, 0xaa, 0x90, 0xab, 0x72, 0xac,
    0x56, 0xad, 0x37, 0xae, 0x19, 0xaf, 0xfa, 0xaf, 0xda, 0xb0, 0xba, 0xb1, 0x99, 0xb2, 0x78, 0xb3,
    0x56, 0xb4, 0x33, 0xb5, 0x10, 0xb6, 0xeb, 0xb6, 0xc7, 0xb7, 0xa2, 0xb8, 0x7d, 0xb9, 0x56, 0xba,
    0x30, 0xbb, 0x08, 0xbc, 0xe1, 0xbc, 0xb8, 0xbd, 0x90, 0xbe, 0x66, 0xbf, 0x3c, 0xc0, 0x11, 0xc1,
    0xe6, 0xc1, 0xbb, 0xc2, 0x90, 0xc3, 0x64, 0xc4, 0x36, 0xc5, 0x09, 0xc6, 0xdb, 0xc6, 0xad, 0xc7,
    0x7e, 0xc8, 0x4e, 0xc9, 0x1f, 0xca, 0xef, 0xca, 0xbe, 0xcb, 0x8d, 0xcc, 0x5b, 0xcd, 0x29, 0xce,
    0xf7, 0xce, 0xc3, 0xcf, 0x91, 0xd0, 0x5d, 0xd1, 0x28, 0xd2, 0xf3, 0xd2, 0xbf, 0xd3, 0x89, 0xd4,
    0x53, 0xd5, 0x1d, 0xd6, 0xe6, 0xd6, 0xaf, 0xd7, 0x78, 0xd8, 0x3f, 0xd9, 0x07, 0xda, 0xce, 0xda,
    0x95, 0xdb, 0x5b, 0xdc, 0x22, 0xdd, 0xe8, 0xdd, 0xac, 0xde, 0x72, 0xdf, 0x36, 0xe0, 0xfa, 0xe0,
    0xbe, 0xe1, 0x81, 0xe2, 0x44, 0xe3, 0x07, 0xe4, 0xc9, 0xe4, 0x8b, 0xe5, 0x4d, 0xe6, 0x0e, 0xe7,
    0xcf, 0xe7, 0x8f, 0xe8, 0x4f, 0xe9, 0x0f, 0xea, 0xce, 0xea, 0x8e, 0xeb, 0x4d, 0xec, 0x0b, 0xed,
    0xc9, 0xed, 0x87, 0xee, 0x45, 0xef, 0x01, 0xf0, 0xbe, 0xf0, 0x7b, 0xf1, 0x38, 0xf2, 0xf3, 0xf2,
    0xaf, 0xf3, 0x6a, 0xf4, 0x25, 0xf5, 0xdf, 0xf5, 0x9a, 0xf6, 0x53, 0xf7, 0x0e, 0xf8, 0xc6, 0xf8,
    0x7f, 0xf9, 0x39, 0xfa, 0xcc, 0xfa, 0xcc, 0xfa, 0xcc, 0xfa, 0xcc, 0xfa, 0xcc, 0xfa, 0xcc, 0xfa,
    0xcc, 0xfa, 0xcc, 0xfa, 0xcc, 0xfa, 0xcc, 0xfa, 0xcc, 0xfa, 0xcc, 0xfa, 0xcc, 0xfa, 0xcc, 0xfa,
    0xcc, 0xfa, 0xcc, 0xfa, 0xcc, 0xfa, 0xcc, 0xfa, 0xcc, 0xfa, 0xcc, 0xfa, 0xcc, 0xfa, 0xcc, 0xfa,
    0xcc, 0xfa, 0xcc, 0xfa, 0x02, 0x64, 0x00, 0x01, 0x14, 0x05, 0x08, 0xc5, 0x00, 0xc6, 0x00, 0xbd,
    0x00, 0xbe, 0x47, 0xc7, 0x00, 0xc8, 0x00, 0xc9, 0x00, 0xca, 0x00, 0x04, 0x10, 0x34, 0x1f, 0x30,
    0x00, 0x31, 0xa7, 0x32, 0x0a, 0x33, 0x9b, 0x2c, 0x02, 0x2d, 0x58, 0x3d, 0x00, 0x3e, 0x00, 0x3f,
    0x01, 0x01, 0x02, 0x09, 0x00, 0xa0, 0x00, 0x07, 0x01, 0x01, 0x10, 0x00, 0x01, 0x01, 0x9d, 0x00,
    0x04, 0x00, 0x00, 0x00, 0x10, 0x20, 0x00, 0x8c, 0x0a, 0x8c, 0x0a, 0x8c, 0x0a, 0x8c, 0x0a, 0x8c,
    0x0a, 0x8c, 0x0a, 0x8c, 0x0a, 0x8c, 0x0a, 0x8c, 0x0a, 0x8c, 0x0a, 0x8c, 0x0a, 0x8c, 0x0a, 0x8c,
    0x0a, 0x8c, 0x0a, 0x8c, 0x0a, 0x8c, 0x0a, 0x04, 0x00, 0x80, 0x00, 0x10, 0x08, 0x00, 0x8c, 0x0a,
    0x8c, 0x0a, 0x8c, 0x0a, 0x8c, 0x0a, 0x01, 0x03, 0x3d, 0x00, 0x3e, 0x00, 0x3f, 0x01, 0x01, 0x02,
    0x10, 0x06, 0x11, 0x6e, 0x01, 0x02, 0x12, 0x06, 0x13, 0xa0, 0x01, 0x02, 0x14, 0x06, 0x15, 0x6e,
    0x01, 0x01, 0x0d, 0x01, 0x01, 0x01, 0x0d, 0x00, 0x01, 0x01, 0x0d, 0x10, 0x01, 0x01, 0x6b, 0x81,
    0x02, 0x14, 0x00, 0x01, 0x01, 0x63, 0x20, 0x04, 0x00, 0xc0, 0x00, 0x10, 0x02, 0x00, 0x46, 0x05,
    0x01, 0x17, 0x02, 0x58, 0x38, 0x0e, 0x39, 0x10, 0x21, 0x04, 0x64, 0x0d, 0x65, 0xf1, 0x60, 0x20,
    0x61, 0x00, 0x62, 0x00, 0x69, 0x04, 0x8f, 0x00, 0x90, 0x00, 0x91, 0x00, 0x92, 0x02, 0x93, 0x94,
    0x95, 0x01, 0x96, 0xa5, 0x97, 0xe0, 0x0a, 0x20, 0x6a, 0x01, 0x3d, 0x00, 0x3e, 0x00, 0x3f, 0x01,
    0x01, 0x01, 0x0f, 0x01, 0x01, 0x01, 0x6b, 0x01, 0x08, 0x01, 0x01, 0x08, 0x10, 0x01, 0x08, 0x02,
    0x50, 0x6a, 0x04, 0x3d, 0x00, 0x3e, 0x00, 0x3f, 0x01, 0x35, 0x00, 0x36, 0x05, 0x37, 0x99, 0x01,
    0x01, 0x20, 0x10, 0x01, 0x01, 0x9f, 0x00, 0x01, 0x01, 0x02, 0x50, 0x01, 0x01, 0x08, 0x50, 0x01,
    0x01, 0xa8, 0x00, 0x01, 0x01, 0x01, 0xa1, 0x01, 0x01, 0x0f, 0xff, 0x02, 0x14, 0x00, 0x01, 0x01,
    0x01, 0xe1, 0x00,
};

static const uint8_t prog_setparams_300_gray[481] = {
    0x01, 0x20, 0x01, 0xa0, 0x02, 0x70, 0x03, 0x92, 0x04, 0x10, 0x05, 0x00, 0x06, 0x50, 0x08, 0x10,
    0x09, 0x00, 0x0a, 0x00, 0x0c, 0x00, 0x0b, 0x09, 0x0d, 0x00, 0x10, 0x00, 0x11, 0x00, 0x12, 0x00,
    0x13, 0x00, 0x14, 0x00, 0x15, 0x00, 0x16, 0x00, 0x17, 0x01, 0x18, 0x04, 0x19, 0xe0, 0x1a, 0x26,
    0x1b, 0x00, 0x1c, 0x00, 0x1d, 0x0f, 0x1e, 0x10, 0x1f, 0x01, 0x20, 0x10, 0x21, 0x04, 0x22, 0x50,
    0x23, 0x50, 0x01, 0x20, 0x24, 0x04, 0x25, 0x00, 0x26, 0x00, 0x27, 0x00, 0x2c, 0x02, 0x2d, 0x58,
    0x2e, 0x80, 0x2f, 0x80, 0x30, 0x00, 0x31, 0x14, 0x32, 0x27, 0x33, 0xec, 0x34, 0x1f, 0x35, 0x00,
    0x36, 0x40, 0x37, 0x00, 0x38, 0x2a, 0x39, 0x30, 0x3d, 0x00, 0x3e, 0x00, 0x3f, 0x01, 0x52, 0x00,
    0x53, 0x01, 0x54, 0x02, 0x55, 0x03, 0x56, 0x04, 0x57, 0x05, 0x58, 0x31, 0x59, 0x00, 0x5a, 0x40,
    0x5e, 0x88, 0x5f, 0x01, 0x01, 0x20, 0x66, 0x00, 0x67, 0x3f, 0x68, 0x3f, 0x69, 0x01, 0x6a, 0x04,
    0x6b, 0x01, 0x6e, 0x6b, 0x6c, 0x41, 0x6f, 0x80, 0x6d, 0x80, 0x70, 0x04, 0x71, 0x06, 0x72, 0x07,
    0x73, 0x08, 0x74, 0x00, 0x75, 0x00, 0x76, 0x00, 0x77, 0x00, 0x78, 0x07, 0x79, 0xfc, 0x7a, 0x03,
    0x7b, 0xff, 0x7c, 0xff, 0x87, 0x04, 0x9d, 0x00, 0x9e, 0x00, 0x9f, 0x00, 0xa2, 0x0f, 0xa8, 0x00,
    0xa9, 0x40, 0xab, 0x30, 0xad, 0x08, 0x01, 0x04, 0xae, 0x3f, 0xb8, 0x03, 0xbd, 0x00, 0xbe, 0x47,
    0x01, 0x1b, 0x51, 0x01, 0x3a, 0x00, 0x3b, 0x35, 0x51, 0x02, 0x3a, 0x00, 0x3b, 0x80, 0x51, 0x03,
    0x3a, 0x00, 0x3b, 0x04, 0x51, 0x20, 0x3a, 0x00, 0x3b, 0x80, 0x51, 0x21, 0x3a, 0x00, 0x3b, 0x80,
    0x51, 0x22, 0x3a, 0x00, 0x3b, 0x80, 0x51, 0x28, 0x3a, 0x00, 0x3b, 0xbb, 0x51, 0x29, 0x3a, 0x00,
    0x3b, 0x4b, 0x51, 0x2a, 0x3a, 0x00, 0x3b, 0x4b, 0x01, 0x1b, 0x51, 0x01, 0x3a, 0x00, 0x3b, 0x35,
    0x51, 0x02, 0x3a, 0x00, 0x3b, 0x88, 0x51, 0x03, 0x3a, 0x00, 0x3b, 0x02, 0x51, 0x20, 0x3a, 0x00,
    0x3b, 0x80, 0x51, 0x21, 0x3a, 0x00, 0x3b, 0x70, 0x51, 0x22, 0x3a, 0x00, 0x3b, 0x70, 0x51, 0x28,
    0x3a, 0x00, 0x3b, 0x4b, 0x51, 0x29, 0x3a, 0x00, 0x3b, 0xd5, 0x51, 0x2a, 0x3a, 0x00, 0x3b, 0xd5,
    0x01, 0x1e, 0x51, 0x01, 0x3a, 0x00, 0x3b, 0x3d, 0x51, 0x02, 0x3a, 0x00, 0x3b, 0x88, 0x51, 0x03,
    0x3a, 0x00, 0x3b, 0x02, 0x51, 0x09, 0x3a, 0x00, 0x3b, 0x06, 0x51, 0x20, 0x3a, 0x00, 0x3b, 0x60,
    0x51, 0x21, 0x3a, 0x00, 0x3b, 0x80, 0x51, 0x22, 0x3a, 0x00, 0x3b, 0x80, 0x51, 0x28, 0x3a, 0x00,
    0x3b, 0x4b, 0x51, 0x29, 0x3a, 0x00, 0x3b, 0xd5, 0x51, 0x2a, 0x3a, 0x00, 0x3b, 0xd5, 0x01, 0x01,
    0x0b, 0x09, 0x03, 0x10, 0x0a, 0x03, 0x13, 0x0e, 0x01, 0x01, 0xd0, 0x0a, 0x01, 0x01, 0xd1, 0x0d,
    0x01, 0x01, 0xd2, 0x10, 0x01, 0x02, 0xe0, 0x00, 0xe1, 0x4c, 0x01, 0x02, 0xe2, 0x02, 0xe3, 0x25,
    0x01, 0x02, 0xe4, 0x02, 0xe5, 0x26, 0x01, 0x02, 0xe6, 0x03, 0xe7, 0xff, 0x01, 0x02, 0xe8, 0x00,
    0xe9, 0x4c, 0x01, 0x02, 0xea, 0x02, 0xeb, 0x25, 0x01, 0x02, 0xec, 0x02, 0xed, 0x26, 0x01, 0x02,
    0xee, 0x03, 0xef, 0xff, 0x01, 0x02, 0xf0, 0x00, 0xf1, 0x4c, 0x01, 0x02, 0xf2, 0x02, 0xf3, 0x25,
    0x01, 0x02, 0xf4, 0x02, 0xf5, 0x26, 0x01, 0x02, 0xf6, 0x03, 0xf7, 0xff, 0x01, 0x01, 0xf8, 0x01,
    0x00,
};
static const uint8_t prog_calib_300_gray[720] = {
    0x01, 0x20, 0x01, 0xa0, 0x02, 0x70, 0x03, 0x92, 0x04, 0x10, 0x05, 0x00, 0x06, 0x50, 0x08, 0x10,
    0x09, 0x00, 0x0a, 0x00, 0x0c, 0x00, 0x0b, 0x09, 0x0d, 0x00, 0x10, 0x00, 0x11, 0x00, 0x12, 0x00,
    0x13, 0x00, 0x14, 0x00, 0x15, 0x00, 0x16, 0x00, 0x17, 0x01, 0x18, 0x04, 0x19, 0xe0, 0x1a, 0x26,
    0x1b, 0x00, 0x1c, 0x00, 0x1d, 0x0f, 0x1e, 0x10, 0x1f, 0x01, 0x20, 0x10, 0x21, 0x04, 0x22, 0x50,
    0x23, 0x50, 0x01, 0x20, 0x24, 0x04, 0x25, 0x00, 0x26, 0x00, 0x27, 0x00, 0x2c, 0x02, 0x2d, 0x58,
    0x2e, 0x80, 0x2f, 0x80, 0x30, 0x00, 0x31, 0x14, 0x32, 0x27, 0x33, 0xec, 0x34, 0x1f, 0x35, 0x00,
    0x36, 0x40, 0x37, 0x00, 0x38, 0x2a, 0x39, 0x30, 0x3d, 0x00, 0x3e, 0x00, 0x3f, 0x01, 0x52, 0x00,
    0x53, 0x01, 0x54, 0x02, 0x55, 0x03, 0x56, 0x04, 0x57, 0x05, 0x58, 0x31, 0x59, 0x00, 0x5a, 0x40,
    0x5e, 0x88, 0x5f, 0x01, 0x01, 0x20, 0x66, 0x00, 0x67, 0x3f, 0x68, 0x3f, 0x69, 0x01, 0x6a, 0x04,
    0x6b, 0x01, 0x6e, 0x6b, 0x6c, 0x41, 0x6f, 0x80, 0x6d, 0x80, 0x70, 0x04, 0x71, 0x06, 0x72, 0x07,
    0x73, 0x08, 0x74, 0x00, 0x75, 0x00, 0x76, 0x00, 0x77, 0x00, 0x78, 0x07, 0x79, 0xfc, 0x7a, 0x03,
    0x7b, 0xff, 0x7c, 0xff, 0x87, 0x04, 0x9d, 0x00, 0x9e, 0x00, 0x9f, 0x00, 0xa2, 0x0f, 0xa8, 0x00,
    0xa9, 0x40, 0xab, 0x30, 0xad, 0x08, 0x01, 0x04, 0xae, 0x3f, 0xb8, 0x03, 0xbd, 0x00, 0xbe, 0x47,
    0x01, 0x1b, 0x51, 0x01, 0x3a, 0x00, 0x3b, 0x35, 0x51, 0x02, 0x3a, 0x00, 0x3b, 0x80, 0x51, 0x03,
    0x3a, 0x00, 0x3b, 0x04, 0x51, 0x20, 0x3a, 0x00, 0x3b, 0x80, 0x51, 0x21, 0x3a, 0x00, 0x3b, 0x80,
    0x51, 0x22, 0x3a, 0x00, 0x3b, 0x80, 0x51, 0x28, 0x3a, 0x00, 0x3b, 0xbb, 0x51, 0x29, 0x3a, 0x00,
    0x3b, 0x4b, 0x51, 0x2a, 0x3a, 0x00, 0x3b, 0x4b, 0x01, 0x1b, 0x51, 0x01, 0x3a, 0x00, 0x3b, 0x35,
    0x51, 0x02, 0x3a, 0x00, 0x3b, 0x88, 0x51, 0x03, 0x3a, 0x00, 0x3b, 0x02, 0x51, 0x20, 0x3a, 0x00,
    0x3b, 0x80, 0x51, 0x21, 0x3a, 0x00, 0x3b, 0x70, 0x51, 0x22, 0x3a, 0x00, 0x3b, 0x70, 0x51, 0x28,
    0x3a, 0x00, 0x3b, 0x4b, 0x51, 0x29, 0x3a, 0x00, 0x3b, 0xd5, 0x51, 0x2a, 0x3a, 0x00, 0x3b, 0xd5,
    0x01, 0x1e, 0x51, 0x01, 0x3a, 0x00, 0x3b, 0x3d, 0x51, 0x02, 0x3a, 0x00, 0x3b, 0x88, 0x51, 0x03,
    0x3a, 0x00, 0x3b, 0x02, 0x51, 0x09, 0x3a, 0x00, 0x3b, 0x06, 0x51, 0x20, 0x3a, 0x00, 0x3b, 0x60,
    0x51, 0x21, 0x3a, 0x00, 0x3b, 0x80, 0x51, 0x22, 0x3a, 0x00, 0x3b, 0x80, 0x51, 0x28, 0x3a, 0x00,
    0x3b, 0x4b, 0x51, 0x29, 0x3a, 0x00, 0x3b, 0xd5, 0x51, 0x2a, 0x3a, 0x00, 0x3b, 0xd5, 0x01, 0x01,
    0x0b, 0x09, 0x03, 0x10, 0x0a, 0x03, 0x13, 0x0e, 0x01, 0x01, 0xd0, 0x0a, 0x01, 0x01, 0xd1, 0x0d,
    0x01, 0x01, 0xd2, 0x10, 0x01, 0x02, 0xe0, 0x00, 0xe1, 0x4c, 0x01, 0x02, 0xe2, 0x02, 0xe3, 0x25,
    0x01, 0x02, 0xe4, 0x02, 0xe5, 0x26, 0x01, 0x02, 0xe6, 0x03, 0xe7, 0xff, 0x01, 0x02, 0xe8, 0x00,
    0xe9, 0x4c, 0x01, 0x02, 0xea, 0x02, 0xeb, 0x25, 0x01, 0x02, 0xec, 0x02, 0xed, 0x26, 0x01, 0x02,
    0xee, 0x03, 0xef, 0xff, 0x01, 0x02, 0xf0, 0x00, 0xf1, 0x4c, 0x01, 0x02, 0xf2, 0x02, 0xf3, 0x25,
    0x01, 0x02, 0xf4, 0x02, 0xf5, 0x26, 0x01, 0x02, 0xf6, 0x03, 0xf7, 0xff, 0x01, 0x01, 0xf8, 0x01,
    0x01, 0x01, 0xa7, 0x01, 0x01, 0x01, 0xa6, 0x1d, 0x01, 0x12, 0x51, 0x20, 0x3a, 0x00, 0x3b, 0x60,
    0x51, 0x28, 0x3a, 0x00, 0x3b, 0x4b, 0x51, 0x21, 0x3a, 0x00, 0x3b, 0x80, 0x51, 0x29, 0x3a, 0x00,
    0x3b, 0xd5, 0x51, 0x22, 0x3a, 0x00, 0x3b, 0x80, 0x51, 0x2a, 0x3a, 0x00, 0x3b, 0xd5, 0x01, 0x01,
    0xd0, 0x0a, 0x01, 0x01, 0xd1, 0x0d, 0x01, 0x01, 0xd2, 0x10, 0x01, 0x02, 0xe0, 0x00, 0xe1, 0x4c,
    0x01, 0x02, 0xe2, 0x02, 0xe3, 0x25, 0x01, 0x02, 0xe4, 0x02, 0xe5, 0x26, 0x01, 0x02, 0xe6, 0x03,
    0xe7, 0xff, 0x01, 0x02, 0xe8, 0x00, 0xe9, 0x4c, 0x01, 0x02, 0xea, 0x02, 0xeb, 0x25, 0x01, 0x02,
    0xec, 0x02, 0xed, 0x26, 0x01, 0x02, 0xee, 0x03, 0xef, 0xff, 0x01, 0x02, 0xf0, 0x00, 0xf1, 0x4c,
    0x01, 0x02, 0xf2, 0x02, 0xf3, 0x25, 0x01, 0x02, 0xf4, 0x02, 0xf5, 0x26, 0x01, 0x02, 0xf6, 0x03,
    0xf7, 0xff, 0x01, 0x01, 0xf8, 0x01, 0x01, 0x01, 0x6e, 0x6f, 0x01, 0x01, 0x7e, 0x02, 0x01, 0x01,
    0x7f, 0x0b, 0x02, 0x0a, 0x00, 0x02, 0x0a, 0x00, 0x05, 0x06, 0x00, 0x00, 0x40, 0x01, 0x10, 0x38,
    0x2a, 0x00, 0x00, 0x00, 0x00, 0x00, 0x00, 0x00, 0x02, 0x64, 0x00, 0x06, 0x01, 0x00, 0xa0, 0x01,
    0x10, 0x38, 0x2a, 0x00, 0x00, 0x00, 0x00, 0x00, 0x00, 0x00, 0x02, 0x64, 0x00, 0x06, 0x02, 0x00,
    0x00, 0x02, 0x10, 0x38, 0x2a, 0x00, 0x00, 0x00, 0x00, 0x00, 0x00, 0x00, 0x02, 0x64, 0x00, 0x01,
    0x01, 0x01, 0xa0, 0x01, 0x01, 0x02, 0x70, 0x01, 0x01, 0x1e, 0x10, 0x01, 0x01, 0x9d, 0x00, 0x01,
    0x01, 0x6e, 0x6f, 0x01, 0x01, 0x7e, 0x00, 0x01, 0x01, 0xa7, 0x00, 0x01, 0x01, 0xa6, 0x1c, 0x00,
};
static const uint8_t prog_start_300_gray[1875] = {
    0x01, 0x01, 0x80, 0x00, 0x01, 0x01, 0x80, 0x00, 0x01, 0x01, 0x60, 0x20, 0x01, 0x01, 0x63, 0x00,
    0x01, 0x01, 0x0d, 0x00, 0x01, 0x01, 0x6f, 0x80, 0x01, 0x01, 0x6d, 0x9f, 0x02, 0xf4, 0x01, 0x04,
    0x00, 0x00, 0x00, 0x01, 0x00, 0x02, 0x00, 0x00, 0x00, 0x00, 0x00, 0x00, 0x5d, 0x01, 0xd6, 0x04,
    0x00, 0x08, 0xed, 0x0a, 0xae, 0x0d, 0x49, 0x10, 0xc6, 0x12, 0x29, 0x15, 0x75, 0x17, 0xaf, 0x19,
    0xd5, 0x1b, 0xed, 0x1d, 0xf6, 0x1f, 0xf3, 0x21, 0xe3, 0x23, 0xc9, 0x25, 0xa4, 0x27, 0x78, 0x29,
    0x41, 0x2b, 0x03, 0x2d, 0xbd, 0x2e, 0x70, 0x30, 0x1c, 0x32, 0xc2, 0x33, 0x61, 0x35, 0xfc, 0x36,
    0x90, 0x38, 0x20, 0x3a, 0xaa, 0x3b, 0x30, 0x3d, 0xb1, 0x3e, 0x2e, 0x40, 0xa6, 0x41, 0x1b, 0x43,
    0x8b, 0x44, 0xf9, 0x45, 0x61, 0x47, 0xc8, 0x48, 0x2a, 0x4a, 0x8a, 0x4b, 0xe7, 0x4c, 0x40, 0x4e,
    0x96, 0x4f, 0xea, 0x50, 0x3a, 0x52, 0x88, 0x53, 0xd4, 0x54, 0x1d, 0x56, 0x63, 0x57, 0xa7, 0x58,
    0xe9, 0x59, 0x29, 0x5b, 0x65, 0x5c, 0xa1, 0x5d, 0xda, 0x5e, 0x10, 0x60, 0x46, 0x61, 0x79, 0x62,
    0xaa, 0x63, 0xd9, 0x64, 0x07, 0x66, 0x31, 0x67, 0x5c, 0x68, 0x83, 0x69, 0xab, 0x6a, 0xcf, 0x6b,
    0xf3, 0x6c, 0x14, 0x6e, 0x34, 0x6f, 0x52, 0x70, 0x70, 0x71, 0x8c, 0x72, 0xa6, 0x73, 0xbf, 0x74,
    0xd5, 0x75, 0xec, 0x76, 0x00, 0x78, 0x14, 0x79, 0x26, 0x7a, 0x37, 0x7b, 0x46, 0x7c, 0x55, 0x7d,
    0x61, 0x7e, 0x6e, 0x7f, 0x79, 0x80, 0x82, 0x81, 0x8b, 0x82, 0x92, 0x83, 0x98, 0x84, 0x9e, 0x85,
    0xa2, 0x86, 0xa5, 0x87, 0xa7, 0x88, 0xa8, 0x89, 0xa8, 0x8a, 0xa8, 0x8b, 0xa6, 0x8c, 0xa3, 0x8d,
    0x9f, 0x8e, 0x9a, 0x8f, 0x95, 0x90, 0x8e, 0x91, 0x86, 0x92, 0x7f, 0x93, 0x75, 0x94, 0x6a, 0x95,
    0x60, 0x96, 0x54, 0x97, 0x47, 0x98, 0x3a, 0x99, 0x2c, 0x9a, 0x1d, 0x9b, 0x0d, 0x9c, 0xfd, 0x9c,
    0xeb, 0x9d, 0xd9, 0x9e, 0xc7, 0x9f, 0xb2, 0xa0, 0x9e, 0xa1, 0x89, 0xa2, 0x73, 0xa3, 0x5d, 0xa4,
    0x45, 0xa5, 0x2d, 0xa6, 0x15, 0xa7, 0xfb, 0xa7, 0xe2, 0xa8, 0xc7, 0xa9, 0xab, 0xaa, 0x90, 0xab,
    0x72, 0xac, 0x56, 0xad, 0x37, 0xae, 0x19, 0xaf, 0xfa, 0xaf, 0xda, 0xb0, 0xba, 0xb1, 0x99, 0xb2,
    0x78, 0xb3, 0x56, 0xb4, 0x33, 0xb5, 0x10, 0xb6, 0xeb, 0xb6, 0xc7, 0xb7, 0xa2, 0xb8, 0x7d, 0xb9,
    0x56, 0xba, 0x30, 0xbb, 0x08, 0xbc, 0xe1, 0xbc, 0xb8, 0xbd, 0x90, 0xbe, 0x66, 0xbf, 0x3c, 0xc0,
    0x11, 0xc1, 0xe6, 0xc1, 0xbb, 0xc2, 0x90, 0xc3, 0x64, 0xc4, 0x36, 0xc5, 0x09, 0xc6, 0xdb, 0xc6,
    0xad, 0xc7, 0x7e, 0xc8, 0x4e, 0xc9, 0x1f, 0xca, 0xef, 0xca, 0xbe, 0xcb, 0x8d, 0xcc, 0x5b, 0xcd,
    0x29, 0xce, 0xf7, 0xce, 0xc3, 0xcf, 0x91, 0xd0, 0x5d, 0xd1, 0x28, 0xd2, 0xf3, 0xd2, 0xbf, 0xd3,
    0x89, 0xd4, 0x53, 0xd5, 0x1d, 0xd6, 0xe6, 0xd6, 0xaf, 0xd7, 0x78, 0xd8, 0x3f, 0xd9, 0x07, 0xda,
    0xce, 0xda, 0x95, 0xdb, 0x5b, 0xdc, 0x22, 0xdd, 0xe8, 0xdd, 0xac, 0xde, 0x72, 0xdf, 0x36, 0xe0,
    0xfa, 0xe0, 0xbe, 0xe1, 0x81, 0xe2, 0x44, 0xe3, 0x07, 0xe4, 0xc9, 0xe4, 0x8b, 0xe5, 0x4d, 0xe6,
    0x0e, 0xe7, 0xcf, 0xe7, 0x8f, 0xe8, 0x4f, 0xe9, 0x0f, 0xea, 0xce, 0xea, 0x8e, 0xeb, 0x4d, 0xec,
    0x0b, 0xed, 0xc9, 0xed, 0x87, 0xee, 0x45, 0xef, 0x01, 0xf0, 0xbe, 0xf0, 0x7b, 0xf1, 0x38, 0xf2,
    0xf3, 0xf2, 0xaf, 0xf3, 0x6a, 0xf4, 0x25, 0xf5, 0xdf, 0xf5, 0x9a, 0xf6, 0x53, 0xf7, 0x0e, 0xf8,
    0xc6, 0xf8, 0x7f, 0xf9, 0x39, 0xfa, 0xcc, 0xfa, 0xcc, 0xfa, 0xcc, 0xfa, 0xcc, 0xfa, 0xcc, 0xfa,
    0xcc, 0xfa, 0xcc, 0xfa, 0xcc, 0xfa, 0xcc, 0xfa, 0xcc, 0xfa, 0xcc, 0xfa, 0xcc, 0xfa, 0xcc, 0xfa,
    0xcc, 0xfa, 0xcc, 0xfa, 0xcc, 0xfa, 0xcc, 0xfa, 0xcc, 0xfa, 0xcc, 0xfa, 0xcc, 0xfa, 0xcc, 0xfa,
    0xcc, 0xfa, 0xcc, 0xfa, 0xcc, 0xfa, 0x04, 0x00, 0x02, 0x00, 0x01, 0x00, 0x02, 0x00, 0x00, 0x00,
    0x00, 0x00, 0x00, 0x5d, 0x01, 0xd6, 0x04, 0x00, 0x08, 0xed, 0x0a, 0xae, 0x0d, 0x49, 0x10, 0xc6,
    0x12, 0x29, 0x15, 0x75, 0x17, 0xaf, 0x19, 0xd5, 0x1b, 0xed, 0x1d, 0xf6, 0x1f, 0xf3, 0x21, 0xe3,
    0x23, 0xc9, 0x25, 0xa4, 0x27, 0x78, 0x29, 0x41, 0x2b, 0x03, 0x2d, 0xbd, 0x2e, 0x70, 0x30, 0x1c,
    0x32, 0xc2, 0x33, 0x61, 0x35, 0xfc, 0x36, 0x90, 0x38, 0x20, 0x3a, 0xaa, 0x3b, 0x30, 0x3d, 0xb1,
    0x3e, 0x2e, 0x40, 0xa6, 0x41, 0x1b, 0x43, 0x8b, 0x44, 0xf9, 0x45, 0x61, 0x47, 0xc8, 0x48, 0x2a,
    0x4a, 0x8a, 0x4b, 0xe7, 0x4c, 0x40, 0x4e, 0x96, 0x4f, 0xea, 0x50, 0x3a, 0x52, 0x88, 0x53, 0xd4,
    0x54, 0x1d, 0x56, 0x63, 0x57, 0xa7, 0x58, 0xe9, 0x59, 0x29, 0x5b, 0x65, 0x5c, 0xa1, 0x5d, 0xda,
    0x5e, 0x10, 0x60, 0x46, 0x61, 0x79, 0x62, 0xaa, 0x63, 0xd9, 0x64, 0x07, 0x66, 0x31, 0x67, 0x5c,
    0x68, 0x83, 0x69, 0xab, 0x6a, 0xcf, 0x6b, 0xf3, 0x6c, 0x14, 0x6e, 0x34, 0x6f, 0x52, 0x70, 0x70,
    0x71, 0x8c, 0x72, 0xa6, 0x73, 0xbf, 0x74, 0xd5, 0x75, 0xec, 0x76, 0x00, 0x78, 0x14, 0x79, 0x26,
    0x7a, 0x37, 0x7b, 0x46, 0x7c, 0x55, 0x7d, 0x61, 0x7e, 0x6e, 0x7f, 0x79, 0x80, 0x82, 0x81, 0x8b,
    0x82, 0x92, 0x83, 0x98, 0x84, 0x9e, 0x85, 0xa2, 0x86, 0xa5, 0x87, 0xa7, 0x88, 0xa8, 0x89, 0xa8,
    0x8a, 0xa8, 0x8b, 0xa6, 0x8c, 0xa3, 0x8d, 0x9f, 0x8e, 0x9a, 0x8f, 0x95, 0x90, 0x8e, 0x91, 0x86,
    0x92, 0x7f, 0x93, 0x75, 0x94, 0x6a, 0x95, 0x60, 0x96, 0x54, 0x97, 0x47, 0x98, 0x3a, 0x99, 0x2c,
    0x9a, 0x1d, 0x9b, 0x0d, 0x9c, 0xfd, 0x9c, 0xeb, 0x9d, 0xd9, 0x9e, 0xc7, 0x9f, 0xb2, 0xa0, 0x9e,
    0xa1, 0x89, 0xa2, 0x73, 0xa3, 0x5d, 0xa4, 0x45, 0xa5, 0x2d, 0xa6, 0x15, 0xa7, 0xfb, 0xa7, 0xe2,
    0xa8, 0xc7, 0xa9, 0xab, 0xaa, 0x90, 0xab, 0x72, 0xac, 0x56, 0xad, 0x37, 0xae, 0x19, 0xaf, 0xfa,
    0xaf, 0xda, 0xb0, 0xba, 0xb1, 0x99, 0xb2, 0x78, 0xb3, 0x56, 0xb4, 0x33, 0xb5, 0x10, 0xb6, 0xeb,
    0xb6, 0xc7, 0xb7, 0xa2, 0xb8, 0x7d, 0xb9, 0x56, 0xba, 0x30, 0xbb, 0x08, 0xbc, 0xe1, 0xbc, 0xb8,
    0xbd, 0x90, 0xbe, 0x66, 0xbf, 0x3c, 0xc0, 0x11, 0xc1, 0xe6, 0xc1, 0xbb, 0xc2, 0x90, 0xc3, 0x64,
    0xc4, 0x36, 0xc5, 0x09, 0xc6, 0xdb, 0xc6, 0xad, 0xc7, 0x7e, 0xc8, 0x4e, 0xc9, 0x1f, 0xca, 0xef,
    0xca, 0xbe, 0xcb, 0x8d, 0xcc, 0x5b, 0xcd, 0x29, 0xce, 0xf7, 0xce, 0xc3, 0xcf, 0x91, 0xd0, 0x5d,
    0xd1, 0x28, 0xd2, 0xf3, 0xd2, 0xbf, 0xd3, 0x89, 0xd4, 0x53, 0xd5, 0x1d, 0xd6, 0xe6, 0xd6, 0xaf,
    0xd7, 0x78, 0xd8, 0x3f, 0xd9, 0x07, 0xda, 0xce, 0xda, 0x95, 0xdb, 0x5b, 0xdc, 0x22, 0xdd, 0xe8,
    0xdd, 0xac, 0xde, 0x72, 0xdf, 0x36, 0xe0, 0xfa, 0xe0, 0xbe, 0xe1, 0x81, 0xe2, 0x44, 0xe3, 0x07,
    0xe4, 0xc9, 0xe4, 0x8b, 0xe5, 0x4d, 0xe6, 0x0e, 0xe7, 0xcf, 0xe7, 0x8f, 0xe8, 0x4f, 0xe9, 0x0f,
    0xea, 0xce, 0xea, 0x8e, 0xeb, 0x4d, 0xec, 0x0b, 0xed, 0xc9, 0xed, 0x87, 0xee, 0x45, 0xef, 0x01,
    0xf0, 0xbe, 0xf0, 0x7b, 0xf1, 0x38, 0xf2, 0xf3, 0xf2, 0xaf, 0xf3, 0x6a, 0xf4, 0x25, 0xf5, 0xdf,
    0xf5, 0x9a, 0xf6, 0x53, 0xf7, 0x0e, 0xf8, 0xc6, 0xf8, 0x7f, 0xf9, 0x39, 0xfa, 0xcc, 0xfa, 0xcc,
    0xfa, 0xcc, 0xfa, 0xcc, 0xfa, 0xcc, 0xfa, 0xcc, 0xfa, 0xcc, 0xfa, 0xcc, 0xfa, 0xcc, 0xfa, 0xcc,
    0xfa, 0xcc, 0xfa, 0xcc, 0xfa, 0xcc, 0xfa, 0xcc, 0xfa, 0xcc, 0xfa, 0xcc, 0xfa, 0xcc, 0xfa, 0xcc,
    0xfa, 0xcc, 0xfa, 0xcc, 0xfa, 0xcc, 0xfa, 0xcc, 0xfa, 0xcc, 0xfa, 0xcc, 0xfa, 0x04, 0x00, 0x04,
    0x00, 0x01, 0x00, 0x02, 0x00, 0x00, 0x00, 0x00, 0x00, 0x00, 0x5d, 0x01, 0xd6, 0x04, 0x00, 0x08,
    0xed, 0x0a, 0xae, 0x0d, 0x49, 0x10, 0xc6, 0x12, 0x29, 0x15, 0x75, 0x17, 0xaf, 0x19, 0xd5, 0x1b,
    0xed, 0x1d, 0xf6, 0x1f, 0xf3, 0x21, 0xe3, 0x23, 0xc9, 0x25, 0xa4, 0x27, 0x78, 0x29, 0x41, 0x2b,
    0x03, 0x2d, 0xbd, 0x2e, 0x70, 0x30, 0x1c, 0x32, 0xc2, 0x33, 0x61, 0x35, 0xfc, 0x36, 0x90, 0x38,
    0x20, 0x3a, 0xaa, 0x3b, 0x30, 0x3d, 0xb1, 0x3e, 0x2e, 0x40, 0xa6, 0x41, 0x1b, 0x43, 0x8b, 0x44,
    0xf9, 0x45, 0x61, 0x47, 0xc8, 0x48, 0x2a, 0x4a, 0x8a, 0x4b, 0xe7, 0x4c, 0x40, 0x4e, 0x96, 0x4f,
    0xea, 0x50, 0x3a, 0x52, 0x88, 0x53, 0xd4, 0x54, 0x1d, 0x56, 0x63, 0x57, 0xa7, 0x58, 0xe9, 0x59,
    0x29, 0x5b, 0x65, 0x5c, 0xa1, 0x5d, 0xda, 0x5e, 0x10, 0x60, 0x46, 0x61, 0x79, 0x62, 0xaa, 0x63,
    0xd9, 0x64, 0x07, 0x66, 0x31, 0x67, 0x5c, 0x68, 0x83, 0x69, 0xab, 0x6a, 0xcf, 0x6b, 0xf3, 0x6c,
    0x14, 0x6e, 0x34, 0x6f, 0x52, 0x70, 0x70, 0x71, 0x8c, 0x72, 0xa6, 0x73, 0xbf, 0x74, 0xd5, 0x75,
    0xec, 0x76, 0x00, 0x78, 0x14, 0x79, 0x26, 0x7a, 0x37, 0x7b, 0x46, 0x7c, 0x55, 0x7d, 0x61, 0x7e,
    0x6e, 0x7f, 0x79, 0x80, 0x82, 0x81, 0x8b, 0x82, 0x92, 0x83, 0x98, 0x84, 0x9e, 0x85, 0xa2, 0x86,
    0xa5, 0x87, 0xa7, 0x88, 0xa8, 0x89, 0xa8, 0x8a, 0xa8, 0x8b, 0xa6, 0x8c, 0xa3, 0x8d, 0x9f, 0x8e,
    0x9a, 0x8f, 0x95, 0x90, 0x8e, 0x91, 0x86, 0x92, 0x7f, 0x93, 0x75, 0x94, 0x6a, 0x95, 0x60, 0x96,
    0x54, 0x97, 0x47, 0x98, 0x3a, 0x99, 0x2c, 0x9a, 0x1d, 0x9b, 0x0d, 0x9c, 0xfd, 0x9c, 0xeb, 0x9d,
    0xd9, 0x9e, 0xc7, 0x9f, 0xb2, 0xa0, 0x9e, 0xa1, 0x89, 0xa2, 0x73, 0xa3, 0x5d, 0xa4, 0x45, 0xa5,
    0x2d, 0xa6, 0x15, 0xa7, 0xfb, 0xa7, 0xe2, 0xa8, 0xc7, 0xa9, 0xab, 0xaa, 0x90, 0xab, 0x72, 0xac,
    0x56, 0xad, 0x37, 0xae, 0x19, 0xaf, 0xfa, 0xaf, 0xda, 0xb0, 0xba, 0xb1, 0x99, 0xb2, 0x78, 0xb3,
    0x56, 0xb4, 0x33, 0xb5, 0x10, 0xb6, 0xeb, 0xb6, 0xc7, 0xb7, 0xa2, 0xb8, 0x7d, 0xb9, 0x56, 0xba,
    0x30, 0xbb, 0x08, 0xbc, 0xe1, 0xbc, 0xb8, 0xbd, 0x90, 0xbe, 0x66, 0xbf, 0x3c, 0xc0, 0x11, 0xc1,
    0xe6, 0xc1, 0xbb, 0xc2, 0x90, 0xc3, 0x64, 0xc4, 0x36, 0xc5, 0x09, 0xc6, 0xdb, 0xc6, 0xad, 0xc7,
    0x7e, 0xc8, 0x4e, 0xc9, 0x1f, 0xca, 0xef, 0xca, 0xbe, 0xcb, 0x8d, 0xcc, 0x5b, 0xcd, 0x29, 0xce,
    0xf7, 0xce, 0xc3, 0xcf, 0x91, 0xd0, 0x5d, 0xd1, 0x28, 0xd2, 0xf3, 0xd2, 0xbf, 0xd3, 0x89, 0xd4,
    0x53, 0xd5, 0x1d, 0xd6, 0xe6, 0xd6, 0xaf, 0xd7, 0x78, 0xd8, 0x3f, 0xd9, 0x07, 0xda, 0xce, 0xda,
    0x95, 0xdb, 0x5b, 0xdc, 0x22, 0xdd, 0xe8, 0xdd, 0xac, 0xde, 0x72, 0xdf, 0x36, 0xe0, 0xfa, 0xe0,
    0xbe, 0xe1, 0x81, 0xe2, 0x44, 0xe3, 0x07, 0xe4, 0xc9, 0xe4, 0x8b, 0xe5, 0x4d, 0xe6, 0x0e, 0xe7,
    0xcf, 0xe7, 0x8f, 0xe8, 0x4f, 0xe9, 0x0f, 0xea, 0xce, 0xea, 0x8e, 0xeb, 0x4d, 0xec, 0x0b, 0xed,
    0xc9, 0xed, 0x87, 0xee, 0x45, 0xef, 0x01, 0xf0, 0xbe, 0xf0, 0x7b, 0xf1, 0x38, 0xf2, 0xf3, 0xf2,
    0xaf, 0xf3, 0x6a, 0xf4, 0x25, 0xf5, 0xdf, 0xf5, 0x9a, 0xf6, 0x53, 0xf7, 0x0e, 0xf8, 0xc6, 0xf8,
    0x7f, 0xf9, 0x39, 0xfa, 0xcc, 0xfa, 0xcc, 0xfa, 0xcc, 0xfa, 0xcc, 0xfa, 0xcc, 0xfa, 0xcc, 0xfa,
    0xcc, 0xfa, 0xcc, 0xfa, 0xcc, 0xfa, 0xcc, 0xfa, 0xcc, 0xfa, 0xcc, 0xfa, 0xcc, 0xfa, 0xcc, 0xfa,
    0xcc, 0xfa, 0xcc, 0xfa, 0xcc, 0xfa, 0xcc, 0xfa, 0xcc, 0xfa, 0xcc, 0xfa, 0xcc, 0xfa, 0xcc, 0xfa,
    0xcc, 0xfa, 0xcc, 0xfa, 0x02, 0x64, 0x00, 0x01, 0x14, 0x05, 0x08, 0xc5, 0x00, 0xc6, 0x00, 0xbd,
    0x00, 0xbe, 0x47, 0xc7, 0x00, 0xc8, 0x00, 0xc9, 0x00, 0xca, 0x00, 0x04, 0x14, 0x34, 0x1f, 0x30,
    0x00, 0x31, 0xa7, 0x32, 0x0a, 0x33, 0x9b, 0x2c, 0x02, 0x2d, 0x58, 0x3d, 0x00, 0x3e, 0x00, 0x3f,
    0x01, 0x01, 0x02, 0x09, 0x00, 0xa0, 0x00, 0x07, 0x01, 0x01, 0x10, 0x00, 0x01, 0x01, 0x9d, 0x00,
    0x04, 0x00, 0x00, 0x00, 0x10, 0x20, 0x00, 0x8c, 0x0a, 0x8c, 0x0a, 0x8c, 0x0a, 0x8c, 0x0a, 0x8c,
    0x0a, 0x8c, 0x0a, 0x8c, 0x0a, 0x8c, 0x0a, 0x8c, 0x0a, 0x8c, 0x0a, 0x8c, 0x0a, 0x8c, 0x0a, 0x8c,
    0x0a, 0x8c, 0x0a, 0x8c, 0x0a, 0x8c, 0x0a, 0x04, 0x00, 0x80, 0x00, 0x10, 0x08, 0x00, 0x8c, 0x0a,
    0x8c, 0x0a, 0x8c, 0x0a, 0x8c, 0x0a, 0x01, 0x03, 0x3d, 0x00, 0x3e, 0x00, 0x3f, 0x01, 0x01, 0x02,
    0x10, 0x02, 0x11, 0x58, 0x01, 0x02, 0x12, 0x04, 0x13, 0x7e, 0x01, 0x02, 0x14, 0x06, 0x15, 0x8b,
    0x01, 0x01, 0x0d, 0x01, 0x01, 0x01, 0x0d, 0x00, 0x01, 0x01, 0x0d, 0x10, 0x01, 0x01, 0x6b, 0x81,
    0x02, 0x14, 0x00, 0x01, 0x01, 0x63, 0x20, 0x04, 0x00, 0xc0, 0x00, 0x10, 0x02, 0x00, 0x46, 0x05,
    0x01, 0x17, 0x02, 0x58, 0x38, 0x2a, 0x39, 0x30, 0x21, 0x04, 0x64, 0x2a, 0x65, 0x11, 0x60, 0x20,
    0x61, 0x00, 0x62, 0x00, 0x69, 0x04, 0x8f, 0x00, 0x90, 0x00, 0x91, 0x00, 0x92, 0x00, 0x93, 0xdc,
    0x95, 0x01, 0x96, 0xa5, 0x97, 0xe0, 0x0a, 0x20, 0x6a, 0x01, 0x3d, 0x00, 0x3e, 0x00, 0x3f, 0x01,
    0x01, 0x01, 0x0f, 0x01, 0x01, 0x01, 0x6b, 0x01, 0x08, 0x01, 0x01, 0x08, 0x10, 0x01, 0x08, 0x02,
    0x50, 0x6a, 0x04, 0x3d, 0x00, 0x3e, 0x00, 0x3f, 0x01, 0x35, 0x00, 0x36, 0x01, 0x37, 0xdd, 0x01,
    0x01, 0x20, 0x10, 0x01, 0x01, 0x9f, 0x00, 0x01, 0x01, 0x02, 0x50, 0x01, 0x01, 0x08, 0x50, 0x01,
    0x01, 0xa8, 0x00, 0x01, 0x01, 0x01, 0xa1, 0x01, 0x01, 0x0f, 0xff, 0x02, 0x14, 0x00, 0x01, 0x01,
    0x01, 0xe1, 0x00,
};

static const uint8_t prog_setparams_600_color[425] = {
    0x01, 0x20, 0x01, 0xa0, 0x02, 0x70, 0x03, 0x92, 0x04, 0x10, 0x05, 0x00, 0x06, 0x50, 0x08, 0x10,
    0x09, 0x00, 0x0a, 0x00, 0x0c, 0x02, 0x0b, 0x09, 0x0d, 0x00, 0x10, 0x00, 0x11, 0x00, 0x12, 0x00,
    0x13, 0x00, 0x14, 0x00, 0x15, 0x00, 0x16, 0x00, 0x17, 0x01, 0x18, 0x04, 0x19, 0xe0, 0x1a, 0x26,
    0x1b, 0x00, 0x1c, 0x00, 0x1d, 0x02, 0x1e, 0x10, 0x1f, 0x01, 0x20, 0x10, 0x21, 0x04, 0x22, 0x50,
    0x23, 0x50, 0x01, 0x20, 0x24, 0x04, 0x25, 0x00, 0x26, 0x00, 0x27, 0x00, 0x2c, 0x02, 0x2d, 0x58,
    0x2e, 0x80, 0x2f, 0x80, 0x30, 0x00, 0x31, 0x14, 0x32, 0x27, 0x33, 0xec, 0x34, 0x05, 0x35, 0x00,
    0x36, 0x40, 0x37, 0x00, 0x38, 0x17, 0x39, 0x70, 0x3d, 0x00, 0x3e, 0x00, 0x3f, 0x01, 0x52, 0x00,
    0x53, 0x01, 0x54, 0x02, 0x55, 0x03, 0x56, 0x04, 0x57, 0x05, 0x58, 0x31, 0x59, 0x00, 0x5a, 0x40,
    0x5e, 0x88, 0x5f, 0x01, 0x01, 0x20, 0x66, 0x00, 0x67, 0x3f, 0x68, 0x3f, 0x69, 0x01, 0x6a, 0x04,
    0x6b, 0x01, 0x6e, 0x6e, 0x6c, 0x69, 0x6f, 0x80, 0x6d, 0x80, 0x70, 0x04, 0x71, 0x06, 0x72, 0x07,
    0x73, 0x08, 0x74, 0x00, 0x75, 0x00, 0x76, 0x00, 0x77, 0x00, 0x78, 0x07, 0x79, 0xfc, 0x7a, 0x03,
    0x7b, 0xff, 0x7c, 0xff, 0x87, 0x00, 0x9d, 0x04, 0x9e, 0x00, 0x9f, 0x00, 0xa2, 0x0f, 0xa8, 0x00,
    0xa9, 0x40, 0xab, 0x30, 0xad, 0x00, 0x01, 0x04, 0xae, 0x3f, 0xb8, 0x00, 0xbd, 0x00, 0xbe, 0x00,
    0x01, 0x1b, 0x51, 0x01, 0x3a, 0x00, 0x3b, 0x35, 0x51, 0x02, 0x3a, 0x00, 0x3b, 0x80, 0x51, 0x03,
    0x3a, 0x00, 0x3b, 0x04, 0x51, 0x20, 0x3a, 0x00, 0x3b, 0x80, 0x51, 0x21, 0x3a, 0x00, 0x3b, 0x80,
    0x51, 0x22, 0x3a, 0x00, 0x3b, 0x80, 0x51, 0x28, 0x3a, 0x00, 0x3b, 0xbb, 0x51, 0x29, 0x3a, 0x00,
    0x3b, 0x4b, 0x51, 0x2a, 0x3a, 0x00, 0x3b, 0x4b, 0x01, 0x1e, 0x51, 0x01, 0x3a, 0x00, 0x3b, 0x3d,
    0x51, 0x02, 0x3a, 0x00, 0x3b, 0x88, 0x51, 0x03, 0x3a, 0x00, 0x3b, 0x02, 0x51, 0x09, 0x3a, 0x00,
    0x3b, 0x06, 0x51, 0x20, 0x3a, 0x00, 0x3b, 0x90, 0x51, 0x21, 0x3a, 0x00, 0x3b, 0x80, 0x51, 0x22,
    0x3a, 0x00, 0x3b, 0x80, 0x51, 0x28, 0x3a, 0x00, 0x3b, 0x4b, 0x51, 0x29, 0x3a, 0x00, 0x3b, 0x4b,
    0x51, 0x2a, 0x3a, 0x00, 0x3b, 0x4b, 0x01, 0x01, 0x0b, 0x09, 0x03, 0x10, 0x0a, 0x03, 0x13, 0x0e,
    0x01, 0x01, 0xd0, 0x0a, 0x01, 0x01, 0xd1, 0x0e, 0x01, 0x01, 0xd2, 0x12, 0x01, 0x02, 0xe0, 0x00,
    0xe1, 0x58, 0x01, 0x02, 0xe2, 0x02, 0xe3, 0x2b, 0x01, 0x02, 0xe4, 0x02, 0xe5, 0x2c, 0x01, 0x02,
    0xe6, 0x03, 0xe7, 0xff, 0x01, 0x02, 0xe8, 0x00, 0xe9, 0x58, 0x01, 0x02, 0xea, 0x02, 0xeb, 0x2b,
    0x01, 0x02, 0xec, 0x02, 0xed, 0x2c, 0x01, 0x02, 0xee, 0x03, 0xef, 0xff, 0x01, 0x02, 0xf0, 0x00,
    0xf1, 0x58, 0x01, 0x02, 0xf2, 0x02, 0xf3, 0x2b, 0x01, 0x02, 0xf4, 0x02, 0xf5, 0x2c, 0x01, 0x02,
    0xf6, 0x03, 0xf7, 0xff, 0x01, 0x01, 0xf8, 0x01, 0x00,
};
static const uint8_t prog_calib_600_color[649] = {
    0x01, 0x20, 0x01, 0xa0, 0x02, 0x70, 0x03, 0x92, 0x04, 0x10, 0x05, 0x00, 0x06, 0x50, 0x08, 0x10,
    0x09, 0x00, 0x0a, 0x00, 0x0c, 0x02, 0x0b, 0x09, 0x0d, 0x00, 0x10, 0x00, 0x11, 0x00, 0x12, 0x00,
    0x13, 0x00, 0x14, 0x00, 0x15, 0x00, 0x16, 0x00, 0x17, 0x01, 0x18, 0x04, 0x19, 0xe0, 0x1a, 0x26,
    0x1b, 0x00, 0x1c, 0x00, 0x1d, 0x02, 0x1e, 0x10, 0x1f, 0x01, 0x20, 0x10, 0x21, 0x04, 0x22, 0x50,
    0x23, 0x50, 0x01, 0x20, 0x24, 0x04, 0x25, 0x00, 0x26, 0x00, 0x27, 0x00, 0x2c, 0x02, 0x2d, 0x58,
    0x2e, 0x80, 0x2f, 0x80, 0x30, 0x00, 0x31, 0x14, 0x32, 0x27, 0x33, 0xec, 0x34, 0x05, 0x35, 0x00,
    0x36, 0x40, 0x37, 0x00, 0x38, 0x17, 0x39, 0x70, 0x3d, 0x00, 0x3e, 0x00, 0x3f, 0x01, 0x52, 0x00,
    0x53, 0x01, 0x54, 0x02, 0x55, 0x03, 0x56, 0x04, 0x57, 0x05, 0x58, 0x31, 0x59, 0x00, 0x5a, 0x40,
    0x5e, 0x88, 0x5f, 0x01, 0x01, 0x20, 0x66, 0x00, 0x67, 0x3f, 0x68, 0x3f, 0x69, 0x01, 0x6a, 0x04,
    0x6b, 0x01, 0x6e, 0x6e, 0x6c, 0x69, 0x6f, 0x80, 0x6d, 0x80, 0x70, 0x04, 0x71, 0x06, 0x72, 0x07,
    0x73, 0x08, 0x74, 0x00, 0x75, 0x00, 0x76, 0x00, 0x77, 0x00, 0x78, 0x07, 0x79, 0xfc, 0x7a, 0x03,
    0x7b, 0xff, 0x7c, 0xff, 0x87, 0x00, 0x9d, 0x04, 0x9e, 0x00, 0x9f, 0x00, 0xa2, 0x0f, 0xa8, 0x00,
    0xa9, 0x40, 0xab, 0x30, 0xad, 0x00, 0x01, 0x04, 0xae, 0x3f, 0xb8, 0x00, 0xbd, 0x00, 0xbe, 0x00,
    0x01, 0x1b, 0x51, 0x01, 0x3a, 0x00, 0x3b, 0x35, 0x51, 0x02, 0x3a, 0x00, 0x3b, 0x80, 0x51, 0x03,
    0x3a, 0x00, 0x3b, 0x04, 0x51, 0x20, 0x3a, 0x00, 0x3b, 0x80, 0x51, 0x21, 0x3a, 0x00, 0x3b, 0x80,
    0x51, 0x22, 0x3a, 0x00, 0x3b, 0x80, 0x51, 0x28, 0x3a, 0x00, 0x3b, 0xbb, 0x51, 0x29, 0x3a, 0x00,
    0x3b, 0x4b, 0x51, 0x2a, 0x3a, 0x00, 0x3b, 0x4b, 0x01, 0x1e, 0x51, 0x01, 0x3a, 0x00, 0x3b, 0x3d,
    0x51, 0x02, 0x3a, 0x00, 0x3b, 0x88, 0x51, 0x03, 0x3a, 0x00, 0x3b, 0x02, 0x51, 0x09, 0x3a, 0x00,
    0x3b, 0x06, 0x51, 0x20, 0x3a, 0x00, 0x3b, 0x90, 0x51, 0x21, 0x3a, 0x00, 0x3b, 0x80, 0x51, 0x22,
    0x3a, 0x00, 0x3b, 0x80, 0x51, 0x28, 0x3a, 0x00, 0x3b, 0x4b, 0x51, 0x29, 0x3a, 0x00, 0x3b, 0x4b,
    0x51, 0x2a, 0x3a, 0x00, 0x3b, 0x4b, 0x01, 0x01, 0x0b, 0x09, 0x03, 0x10, 0x0a, 0x03, 0x13, 0x0e,
    0x01, 0x01, 0xd0, 0x0a, 0x01, 0x01, 0xd1, 0x0e, 0x01, 0x01, 0xd2, 0x12, 0x01, 0x02, 0xe0, 0x00,
    0xe1, 0x58, 0x01, 0x02, 0xe2, 0x02, 0xe3, 0x2b, 0x01, 0x02, 0xe4, 0x02, 0xe5, 0x2c, 0x01, 0x02,
    0xe6, 0x03, 0xe7, 0xff, 0x01, 0x02, 0xe8, 0x00, 0xe9, 0x58, 0x01, 0x02, 0xea, 0x02, 0xeb, 0x2b,
    0x01, 0x02, 0xec, 0x02, 0xed, 0x2c, 0x01, 0x02, 0xee, 0x03, 0xef, 0xff, 0x01, 0x02, 0xf0, 0x00,
    0xf1, 0x58, 0x01, 0x02, 0xf2, 0x02, 0xf3, 0x2b, 0x01, 0x02, 0xf4, 0x02, 0xf5, 0x2c, 0x01, 0x02,
    0xf6, 0x03, 0xf7, 0xff, 0x01, 0x01, 0xf8, 0x01, 0x01, 0x01, 0xa7, 0x01, 0x01, 0x01, 0xa6, 0x1d,
    0x01, 0x12, 0x51, 0x20, 0x3a, 0x00, 0x3b, 0x90, 0x51, 0x28, 0x3a, 0x00, 0x3b, 0x4b, 0x51, 0x21,
    0x3a, 0x00, 0x3b, 0x80, 0x51, 0x29, 0x3a, 0x00, 0x3b, 0x4b, 0x51, 0x22, 0x3a, 0x00, 0x3b, 0x80,
    0x51, 0x2a, 0x3a, 0x00, 0x3b, 0x4b, 0x01, 0x01, 0xd0, 0x0a, 0x01, 0x01, 0xd1, 0x0e, 0x01, 0x01,
    0xd2, 0x12, 0x01, 0x02, 0xe0, 0x00, 0xe1, 0x58, 0x01, 0x02, 0xe2, 0x02, 0xe3, 0x2b, 0x01, 0x02,
    0xe4, 0x02, 0xe5, 0x2c, 0x01, 0x02, 0xe6, 0x03, 0xe7, 0xff, 0x01, 0x02, 0xe8, 0x00, 0xe9, 0x58,
    0x01, 0x02, 0xea, 0x02, 0xeb, 0x2b, 0x01, 0x02, 0xec, 0x02, 0xed, 0x2c, 0x01, 0x02, 0xee, 0x03,
    0xef, 0xff, 0x01, 0x02, 0xf0, 0x00, 0xf1, 0x58, 0x01, 0x02, 0xf2, 0x02, 0xf3, 0x2b, 0x01, 0x02,
    0xf4, 0x02, 0xf5, 0x2c, 0x01, 0x02, 0xf6, 0x03, 0xf7, 0xff, 0x01, 0x01, 0xf8, 0x01, 0x01, 0x01,
    0x6e, 0x6f, 0x01, 0x01, 0x7e, 0x02, 0x01, 0x01, 0x7f, 0x0b, 0x05, 0x06, 0x00, 0x00, 0x40, 0x01,
    0x10, 0x68, 0x54, 0x00, 0x00, 0x00, 0x00, 0x00, 0x00, 0x00, 0x06, 0x01, 0x00, 0xc0, 0x01, 0x10,
    0x68, 0x54, 0x00, 0x00, 0x00, 0x00, 0x00, 0x00, 0x00, 0x06, 0x02, 0x00, 0x40, 0x02, 0x10, 0x68,
    0x54, 0x00, 0x00, 0x00, 0x00, 0x00, 0x00, 0x00, 0x01, 0x01, 0x01, 0xa0, 0x01, 0x01, 0x02, 0x70,
    0x01, 0x01, 0x1e, 0x10, 0x01, 0x01, 0x9d, 0x04, 0x01, 0x01, 0x6e, 0x6f, 0x01, 0x01, 0x7e, 0x00,
    0x01, 0x01, 0xa7, 0x00, 0x01, 0x01, 0xa6, 0x1c, 0x00,
};
static const uint8_t prog_start_600_color[1875] = {
    0x01, 0x01, 0x80, 0x00, 0x01, 0x01, 0x80, 0x00, 0x01, 0x01, 0x60, 0x20, 0x01, 0x01, 0x63, 0x20,
    0x01, 0x01, 0x0d, 0x00, 0x01, 0x01, 0x6f, 0x80, 0x01, 0x01, 0x6d, 0x9f, 0x02, 0xf4, 0x01, 0x04,
    0x00, 0x00, 0x00, 0x01, 0x00, 0x02, 0x00, 0x00, 0x00, 0x00, 0x00, 0x00, 0x5d, 0x01, 0xd6, 0x04,
    0x00, 0x08, 0xed, 0x0a, 0xae, 0x0d, 0x49, 0x10, 0xc6, 0x12, 0x29, 0x15, 0x75, 0x17, 0xaf, 0x19,
    0xd5, 0x1b, 0xed, 0x1d, 0xf6, 0x1f, 0xf3, 0x21, 0xe3, 0x23, 0xc9, 0x25, 0xa4, 0x27, 0x78, 0x29,
    0x41, 0x2b, 0x03, 0x2d, 0xbd, 0x2e, 0x70, 0x30, 0x1c, 0x32, 0xc2, 0x33, 0x61, 0x35, 0xfc, 0x36,
    0x90, 0x38, 0x20, 0x3a, 0xaa, 0x3b, 0x30, 0x3d, 0xb1, 0x3e, 0x2e, 0x40, 0xa6, 0x41, 0x1b, 0x43,
    0x8b, 0x44, 0xf9, 0x45, 0x61, 0x47, 0xc8, 0x48, 0x2a, 0x4a, 0x8a, 0x4b, 0xe7, 0x4c, 0x40, 0x4e,
    0x96, 0x4f, 0xea, 0x50, 0x3a, 0x52, 0x88, 0x53, 0xd4, 0x54, 0x1d, 0x56, 0x63, 0x57, 0xa7, 0x58,
    0xe9, 0x59, 0x29, 0x5b, 0x65, 0x5c, 0xa1, 0x5d, 0xda, 0x5e, 0x10, 0x60, 0x46, 0x61, 0x79, 0x62,
    0xaa, 0x63, 0xd9, 0x64, 0x07, 0x66, 0x31, 0x67, 0x5c, 0x68, 0x83, 0x69, 0xab, 0x6a, 0xcf, 0x6b,
    0xf3, 0x6c, 0x14, 0x6e, 0x34, 0x6f, 0x52, 0x70, 0x70, 0x71, 0x8c, 0x72, 0xa6, 0x73, 0xbf, 0x74,
    0xd5, 0x75, 0xec, 0x76, 0x00, 0x78, 0x14, 0x79, 0x26, 0x7a, 0x37, 0x7b, 0x46, 0x7c, 0x55, 0x7d,
    0x61, 0x7e, 0x6e, 0x7f, 0x79, 0x80, 0x82, 0x81, 0x8b, 0x82, 0x92, 0x83, 0x98, 0x84, 0x9e, 0x85,
    0xa2, 0x86, 0xa5, 0x87, 0xa7, 0x88, 0xa8, 0x89, 0xa8, 0x8a, 0xa8, 0x8b, 0xa6, 0x8c, 0xa3, 0x8d,
    0x9f, 0x8e, 0x9a, 0x8f, 0x95, 0x90, 0x8e, 0x91, 0x86, 0x92, 0x7f, 0x93, 0x75, 0x94, 0x6a, 0x95,
    0x60, 0x96, 0x54, 0x97, 0x47, 0x98, 0x3a, 0x99, 0x2c, 0x9a, 0x1d, 0x9b, 0x0d, 0x9c, 0xfd, 0x9c,
    0xeb, 0x9d, 0xd9, 0x9e, 0xc7, 0x9f, 0xb2, 0xa0, 0x9e, 0xa1, 0x89, 0xa2, 0x73, 0xa3, 0x5d, 0xa4,
    0x45, 0xa5, 0x2d, 0xa6, 0x15, 0xa7, 0xfb, 0xa7, 0xe2, 0xa8, 0xc7, 0xa9, 0xab, 0xaa, 0x90, 0xab,
    0x72, 0xac, 0x56, 0xad, 0x37, 0xae, 0x19, 0xaf, 0xfa, 0xaf, 0xda, 0xb0, 0xba, 0xb1, 0x99, 0xb2,
    0x78, 0xb3, 0x56, 0xb4, 0x33, 0xb5, 0x10, 0xb6, 0xeb, 0xb6, 0xc7, 0xb7, 0xa2, 0xb8, 0x7d, 0xb9,
    0x56, 0xba, 0x30, 0xbb, 0x08, 0xbc, 0xe1, 0xbc, 0xb8, 0xbd, 0x90, 0xbe, 0x66, 0xbf, 0x3c, 0xc0,
    0x11, 0xc1, 0xe6, 0xc1, 0xbb, 0xc2, 0x90, 0xc3, 0x64, 0xc4, 0x36, 0xc5, 0x09, 0xc6, 0xdb, 0xc6,
    0xad, 0xc7, 0x7e, 0xc8, 0x4e, 0xc9, 0x1f, 0xca, 0xef, 0xca, 0xbe, 0xcb, 0x8d, 0xcc, 0x5b, 0xcd,
    0x29, 0xce, 0xf7, 0xce, 0xc3, 0xcf, 0x91, 0xd0, 0x5d, 0xd1, 0x28, 0xd2, 0xf3, 0xd2, 0xbf, 0xd3,
    0x89, 0xd4, 0x53, 0xd5, 0x1d, 0xd6, 0xe6, 0xd6, 0xaf, 0xd7, 0x78, 0xd8, 0x3f, 0xd9, 0x07, 0xda,
    0xce, 0xda, 0x95, 0xdb, 0x5b, 0xdc, 0x22, 0xdd, 0xe8, 0xdd, 0xac, 0xde, 0x72, 0xdf, 0x36, 0xe0,
    0xfa, 0xe0, 0xbe, 0xe1, 0x81, 0xe2, 0x44, 0xe3, 0x07, 0xe4, 0xc9, 0xe4, 0x8b, 0xe5, 0x4d, 0xe6,
    0x0e, 0xe7, 0xcf, 0xe7, 0x8f, 0xe8, 0x4f, 0xe9, 0x0f, 0xea, 0xce, 0xea, 0x8e, 0xeb, 0x4d, 0xec,
    0x0b, 0xed, 0xc9, 0xed, 0x87, 0xee, 0x45, 0xef, 0x01, 0xf0, 0xbe, 0xf0, 0x7b, 0xf1, 0x38, 0xf2,
    0xf3, 0xf2, 0xaf, 0xf3, 0x6a, 0xf4, 0x25, 0xf5, 0xdf, 0xf5, 0x9a, 0xf6, 0x53, 0xf7, 0x0e, 0xf8,
    0xc6, 0xf8, 0x7f, 0xf9, 0x39, 0xfa, 0xcc, 0xfa, 0xcc, 0xfa, 0xcc, 0xfa, 0xcc, 0xfa, 0xcc, 0xfa,
    0xcc, 0xfa, 0xcc, 0xfa, 0xcc, 0xfa, 0xcc, 0xfa, 0xcc, 0xfa, 0xcc, 0xfa, 0xcc, 0xfa, 0xcc, 0xfa,
    0xcc, 0xfa, 0xcc, 0xfa, 0xcc, 0xfa, 0xcc, 0xfa, 0xcc, 0xfa, 0xcc, 0xfa, 0xcc, 0xfa, 0xcc, 0xfa,
    0xcc, 0xfa, 0xcc, 0xfa, 0xcc, 0xfa, 0x04, 0x00, 0x02, 0x00, 0x01, 0x00, 0x02, 0x00, 0x00, 0x00,
    0x00, 0x00, 0x00, 0x5d, 0x01, 0xd6, 0x04, 0x00, 0x08, 0xed, 0x0a, 0xae, 0x0d, 0x49, 0x10, 0xc6,
    0x12, 0x29, 0x15, 0x75, 0x17, 0xaf, 0x19, 0xd5, 0x1b, 0xed, 0x1d, 0xf6, 0x1f, 0xf3, 0x21, 0xe3,
    0x23, 0xc9, 0x25, 0xa4, 0x27, 0x78, 0x29, 0x41, 0x2b, 0x03, 0x2d, 0xbd, 0x2e, 0x70, 0x30, 0x1c,
    0x32, 0xc2, 0x33, 0x61, 0x35, 0xfc, 0x36, 0x90, 0x38, 0x20, 0x3a, 0xaa, 0x3b, 0x30, 0x3d, 0xb1,
    0x3e, 0x2e, 0x40, 0xa6, 0x41, 0x1b, 0x43, 0x8b, 0x44, 0xf9, 0x45, 0x61, 0x47, 0xc8, 0x48, 0x2a,
    0x4a, 0x8a, 0x4b, 0xe7, 0x4c, 0x40, 0x4e, 0x96, 0x4f, 0xea, 0x50, 0x3a, 0x52, 0x88, 0x53, 0xd4,
    0x54, 0x1d, 0x56, 0x63, 0x57, 0xa7, 0x58, 0xe9, 0x59, 0x29, 0x5b, 0x65, 0x5c, 0xa1, 0x5d, 0xda,
    0x5e, 0x10, 0x60, 0x46, 0x61, 0x79, 0x62, 0xaa, 0x63, 0xd9, 0x64, 0x07, 0x66, 0x31, 0x67, 0x5c,
    0x68, 0x83, 0x69, 0xab, 0x6a, 0xcf, 0x6b, 0xf3, 0x6c, 0x14, 0x6e, 0x34, 0x6f, 0x52, 0x70, 0x70,
    0x71, 0x8c, 0x72, 0xa6, 0x73, 0xbf, 0x74, 0xd5, 0x75, 0xec, 0x76, 0x00, 0x78, 0x14, 0x79, 0x26,
    0x7a, 0x37, 0x7b, 0x46, 0x7c, 0x55, 0x7d, 0x61, 0x7e, 0x6e, 0x7f, 0x79, 0x80, 0x82, 0x81, 0x8b,
    0x82, 0x92, 0x83, 0x98, 0x84, 0x9e, 0x85, 0xa2, 0x86, 0xa5, 0x87, 0xa7, 0x88, 0xa8, 0x89, 0xa8,
    0x8a, 0xa8, 0x8b, 0xa6, 0x8c, 0xa3, 0x8d, 0x9f, 0x8e, 0x9a, 0x8f, 0x95, 0x90, 0x8e, 0x91, 0x86,
    0x92, 0x7f, 0x93, 0x75, 0x94, 0x6a, 0x95, 0x60, 0x96, 0x54, 0x97, 0x47, 0x98, 0x3a, 0x99, 0x2c,
    0x9a, 0x1d, 0x9b, 0x0d, 0x9c, 0xfd, 0x9c, 0xeb, 0x9d, 0xd9, 0x9e, 0xc7, 0x9f, 0xb2, 0xa0, 0x9e,
    0xa1, 0x89, 0xa2, 0x73, 0xa3, 0x5d, 0xa4, 0x45, 0xa5, 0x2d, 0xa6, 0x15, 0xa7, 0xfb, 0xa7, 0xe2,
    0xa8, 0xc7, 0xa9, 0xab, 0xaa, 0x90, 0xab, 0x72, 0xac, 0x56, 0xad, 0x37, 0xae, 0x19, 0xaf, 0xfa,
    0xaf, 0xda, 0xb0, 0xba, 0xb1, 0x99, 0xb2, 0x78, 0xb3, 0x56, 0xb4, 0x33, 0xb5, 0x10, 0xb6, 0xeb,
    0xb6, 0xc7, 0xb7, 0xa2, 0xb8, 0x7d, 0xb9, 0x56, 0xba, 0x30, 0xbb, 0x08, 0xbc, 0xe1, 0xbc, 0xb8,
    0xbd, 0x90, 0xbe, 0x66, 0xbf, 0x3c, 0xc0, 0x11, 0xc1, 0xe6, 0xc1, 0xbb, 0xc2, 0x90, 0xc3, 0x64,
    0xc4, 0x36, 0xc5, 0x09, 0xc6, 0xdb, 0xc6, 0xad, 0xc7, 0x7e, 0xc8, 0x4e, 0xc9, 0x1f, 0xca, 0xef,
    0xca, 0xbe, 0xcb, 0x8d, 0xcc, 0x5b, 0xcd, 0x29, 0xce, 0xf7, 0xce, 0xc3, 0xcf, 0x91, 0xd0, 0x5d,
    0xd1, 0x28, 0xd2, 0xf3, 0xd2, 0xbf, 0xd3, 0x89, 0xd4, 0x53, 0xd5, 0x1d, 0xd6, 0xe6, 0xd6, 0xaf,
    0xd7, 0x78, 0xd8, 0x3f, 0xd9, 0x07, 0xda, 0xce, 0xda, 0x95, 0xdb, 0x5b, 0xdc, 0x22, 0xdd, 0xe8,
    0xdd, 0xac, 0xde, 0x72, 0xdf, 0x36, 0xe0, 0xfa, 0xe0, 0xbe, 0xe1, 0x81, 0xe2, 0x44, 0xe3, 0x07,
    0xe4, 0xc9, 0xe4, 0x8b, 0xe5, 0x4d, 0xe6, 0x0e, 0xe7, 0xcf, 0xe7, 0x8f, 0xe8, 0x4f, 0xe9, 0x0f,
    0xea, 0xce, 0xea, 0x8e, 0xeb, 0x4d, 0xec, 0x0b, 0xed, 0xc9, 0xed, 0x87, 0xee, 0x45, 0xef, 0x01,
    0xf0, 0xbe, 0xf0, 0x7b, 0xf1, 0x38, 0xf2, 0xf3, 0xf2, 0xaf, 0xf3, 0x6a, 0xf4, 0x25, 0xf5, 0xdf,
    0xf5, 0x9a, 0xf6, 0x53, 0xf7, 0x0e, 0xf8, 0xc6, 0xf8, 0x7f, 0xf9, 0x39, 0xfa, 0xcc, 0xfa, 0xcc,
    0xfa, 0xcc, 0xfa, 0xcc, 0xfa, 0xcc, 0xfa, 0xcc, 0xfa, 0xcc, 0xfa, 0xcc, 0xfa, 0xcc, 0xfa, 0xcc,
    0xfa, 0xcc, 0xfa, 0xcc, 0xfa, 0xcc, 0xfa, 0xcc, 0xfa, 0xcc, 0xfa, 0xcc, 0xfa, 0xcc, 0xfa, 0xcc,
    0xfa, 0xcc, 0xfa, 0xcc, 0xfa, 0xcc, 0xfa, 0xcc, 0xfa, 0xcc, 0xfa, 0xcc, 0xfa, 0x04, 0x00, 0x04,
    0x00, 0x01, 0x00, 0x02, 0x00, 0x00, 0x00, 0x00, 0x00, 0x00, 0x5d, 0x01, 0xd6, 0x04, 0x00, 0x08,
    0xed, 0x0a, 0xae, 0x0d, 0x49, 0x10, 0xc6, 0x12, 0x29, 0x15, 0x75, 0x17, 0xaf, 0x19, 0xd5, 0x1b,
    0xed, 0x1d, 0xf6, 0x1f, 0xf3, 0x21, 0xe3, 0x23, 0xc9, 0x25, 0xa4, 0x27, 0x78, 0x29, 0x41, 0x2b,
    0x03, 0x2d, 0xbd, 0x2e, 0x70, 0x30, 0x1c, 0x32, 0xc2, 0x33, 0x61, 0x35, 0xfc, 0x36, 0x90, 0x38,
    0x20, 0x3a, 0xaa, 0x3b, 0x30, 0x3d, 0xb1, 0x3e, 0x2e, 0x40, 0xa6, 0x41, 0x1b, 0x43, 0x8b, 0x44,
    0xf9, 0x45, 0x61, 0x47, 0xc8, 0x48, 0x2a, 0x4a, 0x8a, 0x4b, 0xe7, 0x4c, 0x40, 0x4e, 0x96, 0x4f,
    0xea, 0x50, 0x3a, 0x52, 0x88, 0x53, 0xd4, 0x54, 0x1d, 0x56, 0x63, 0x57, 0xa7, 0x58, 0xe9, 0x59,
    0x29, 0x5b, 0x65, 0x5c, 0xa1, 0x5d, 0xda, 0x5e, 0x10, 0x60, 0x46, 0x61, 0x79, 0x62, 0xaa, 0x63,
    0xd9, 0x64, 0x07, 0x66, 0x31, 0x67, 0x5c, 0x68, 0x83, 0x69, 0xab, 0x6a, 0xcf, 0x6b, 0xf3, 0x6c,
    0x14, 0x6e, 0x34, 0x6f, 0x52, 0x70, 0x70, 0x71, 0x8c, 0x72, 0xa6, 0x73, 0xbf, 0x74, 0xd5, 0x75,
    0xec, 0x76, 0x00, 0x78, 0x14, 0x79, 0x26, 0x7a, 0x37, 0x7b, 0x46, 0x7c, 0x55, 0x7d, 0x61, 0x7e,
    0x6e, 0x7f, 0x79, 0x80, 0x82, 0x81, 0x8b, 0x82, 0x92, 0x83, 0x98, 0x84, 0x9e, 0x85, 0xa2, 0x86,
    0xa5, 0x87, 0xa7, 0x88, 0xa8, 0x89, 0xa8, 0x8a, 0xa8, 0x8b, 0xa6, 0x8c, 0xa3, 0x8d, 0x9f, 0x8e,
    0x9a, 0x8f, 0x95, 0x90, 0x8e, 0x91, 0x86, 0x92, 0x7f, 0x93, 0x75, 0x94, 0x6a, 0x95, 0x60, 0x96,
    0x54, 0x97, 0x47, 0x98, 0x3a, 0x99, 0x2c, 0x9a, 0x1d, 0x9b, 0x0d, 0x9c, 0xfd, 0x9c, 0xeb, 0x9d,
    0xd9, 0x9e, 0xc7, 0x9f, 0xb2, 0xa0, 0x9e, 0xa1, 0x89, 0xa2, 0x73, 0xa3, 0x5d, 0xa4, 0x45, 0xa5,
    0x2d, 0xa6, 0x15, 0xa7, 0xfb, 0xa7, 0xe2, 0xa8, 0xc7, 0xa9, 0xab, 0xaa, 0x90, 0xab, 0x72, 0xac,
    0x56, 0xad, 0x37, 0xae, 0x19, 0xaf, 0xfa, 0xaf, 0xda, 0xb0, 0xba, 0xb1, 0x99, 0xb2, 0x78, 0xb3,
    0x56, 0xb4, 0x33, 0xb5, 0x10, 0xb6, 0xeb, 0xb6, 0xc7, 0xb7, 0xa2, 0xb8, 0x7d, 0xb9, 0x56, 0xba,
    0x30, 0xbb, 0x08, 0xbc, 0xe1, 0xbc, 0xb8, 0xbd, 0x90, 0xbe, 0x66, 0xbf, 0x3c, 0xc0, 0x11, 0xc1,
    0xe6, 0xc1, 0xbb, 0xc2, 0x90, 0xc3, 0x64, 0xc4, 0x36, 0xc5, 0x09, 0xc6, 0xdb, 0xc6, 0xad, 0xc7,
    0x7e, 0xc8, 0x4e, 0xc9, 0x1f, 0xca, 0xef, 0xca, 0xbe, 0xcb, 0x8d, 0xcc, 0x5b, 0xcd, 0x29, 0xce,
    0xf7, 0xce, 0xc3, 0xcf, 0x91, 0xd0, 0x5d, 0xd1, 0x28, 0xd2, 0xf3, 0xd2, 0xbf, 0xd3, 0x89, 0xd4,
    0x53, 0xd5, 0x1d, 0xd6, 0xe6, 0xd6, 0xaf, 0xd7, 0x78, 0xd8, 0x3f, 0xd9, 0x07, 0xda, 0xce, 0xda,
    0x95, 0xdb, 0x5b, 0xdc, 0x22, 0xdd, 0xe8, 0xdd, 0xac, 0xde, 0x72, 0xdf, 0x36, 0xe0, 0xfa, 0xe0,
    0xbe, 0xe1, 0x81, 0xe2, 0x44, 0xe3, 0x07, 0xe4, 0xc9, 0xe4, 0x8b, 0xe5, 0x4d, 0xe6, 0x0e, 0xe7,
    0xcf, 0xe7, 0x8f, 0xe8, 0x4f, 0xe9, 0x0f, 0xea, 0xce, 0xea, 0x8e, 0xeb, 0x4d, 0xec, 0x0b, 0xed,
    0xc9, 0xed, 0x87, 0xee, 0x45, 0xef, 0x01, 0xf0, 0xbe, 0xf0, 0x7b, 0xf1, 0x38, 0xf2, 0xf3, 0xf2,
    0xaf, 0xf3, 0x6a, 0xf4, 0x25, 0xf5, 0xdf, 0xf5, 0x9a, 0xf6, 0x53, 0xf7, 0x0e, 0xf8, 0xc6, 0xf8,
    0x7f, 0xf9, 0x39, 0xfa, 0xcc, 0xfa, 0xcc, 0xfa, 0xcc, 0xfa, 0xcc, 0xfa, 0xcc, 0xfa, 0xcc, 0xfa,
    0xcc, 0xfa, 0xcc, 0xfa, 0xcc, 0xfa, 0xcc, 0xfa, 0xcc, 0xfa, 0xcc, 0xfa, 0xcc, 0xfa, 0xcc, 0xfa,
    0xcc, 0xfa, 0xcc, 0xfa, 0xcc, 0xfa, 0xcc, 0xfa, 0xcc, 0xfa, 0xcc, 0xfa, 0xcc, 0xfa, 0xcc, 0xfa,
    0xcc, 0xfa, 0xcc, 0xfa, 0x02, 0x64, 0x00, 0x01, 0x14, 0x05, 0x08, 0xc5, 0x00, 0xc6, 0x00, 0xbd,
    0x00, 0xbe, 0x07, 0xc7, 0x00, 0xc8, 0x00, 0xc9, 0x00, 0xca, 0x00, 0x04, 0x10, 0x34, 0x05, 0x30,
    0x00, 0x31, 0x9a, 0x32, 0x14, 0x33, 0x86, 0x2c, 0x02, 0x2d, 0x58, 0x3d, 0x00, 0x3e, 0x00, 0x3f,
    0x01, 0x01, 0x02, 0x09, 0x00, 0xa0, 0x00, 0x07, 0x01, 0x01, 0x10, 0x00, 0x01, 0x01, 0x9d, 0x00,
    0x04, 0x00, 0x00, 0x00, 0x10, 0x20, 0x00, 0x28, 0x23, 0x28, 0x23, 0x28, 0x23, 0x28, 0x23, 0x28,
    0x23, 0x28, 0x23, 0x28, 0x23, 0x28, 0x23, 0x28, 0x23, 0x28, 0x23, 0x28, 0x23, 0x28, 0x23, 0x28,
    0x23, 0x28, 0x23, 0x28, 0x23, 0x28, 0x23, 0x04, 0x00, 0x80, 0x00, 0x10, 0x08, 0x00, 0x28, 0x23,
    0x28, 0x23, 0x28, 0x23, 0x28, 0x23, 0x01, 0x03, 0x3d, 0x00, 0x3e, 0x00, 0x3f, 0x01, 0x01, 0x02,
    0x10, 0x0a, 0x11, 0xd4, 0x01, 0x02, 0x12, 0x0b, 0x13, 0x38, 0x01, 0x02, 0x14, 0x0a, 0x15, 0xa2,
    0x01, 0x01, 0x0d, 0x01, 0x01, 0x01, 0x0d, 0x00, 0x01, 0x01, 0x0d, 0x10, 0x01, 0x01, 0x6b, 0x81,
    0x02, 0x14, 0x00, 0x01, 0x01, 0x63, 0x20, 0x04, 0x00, 0xc0, 0x00, 0x10, 0x02, 0x00, 0x98, 0x11,
    0x01, 0x17, 0x02, 0x58, 0x38, 0x17, 0x39, 0x70, 0x21, 0x04, 0x64, 0x17, 0x65, 0x6b, 0x60, 0x20,
    0x61, 0x00, 0x62, 0x00, 0x69, 0x04, 0x8f, 0x00, 0x90, 0x00, 0x91, 0x00, 0x92, 0x05, 0x93, 0x28,
    0x95, 0x01, 0x96, 0xa5, 0x97, 0xe0, 0x0a, 0x20, 0x6a, 0x01, 0x3d, 0x00, 0x3e, 0x00, 0x3f, 0x01,
    0x01, 0x01, 0x0f, 0x01, 0x01, 0x01, 0x6b, 0x01, 0x08, 0x01, 0x01, 0x08, 0x10, 0x01, 0x08, 0x02,
    0x50, 0x6a, 0x04, 0x3d, 0x00, 0x3e, 0x00, 0x3f, 0x01, 0x35, 0x00, 0x36, 0x16, 0x37, 0x69, 0x01,
    0x01, 0x20, 0x10, 0x01, 0x01, 0x9f, 0x00, 0x01, 0x01, 0x02, 0x50, 0x01, 0x01, 0x08, 0x50, 0x01,
    0x01, 0xa8, 0x00, 0x01, 0x01, 0x01, 0xa1, 0x01, 0x01, 0x0f, 0xff, 0x02, 0x14, 0x00, 0x01, 0x01,
    0x01, 0xe1, 0x00,
};

static const uint8_t prog_setparams_600_gray[481] = {
    0x01, 0x20, 0x01, 0xa0, 0x02, 0x70, 0x03, 0x92, 0x04, 0x10, 0x05, 0x00, 0x06, 0x50, 0x08, 0x10,
    0x09, 0x00, 0x0a, 0x00, 0x0c, 0x00, 0x0b, 0x09, 0x0d, 0x00, 0x10, 0x00, 0x11, 0x00, 0x12, 0x00,
    0x13, 0x00, 0x14, 0x00, 0x15, 0x00, 0x16, 0x00, 0x17, 0x01, 0x18, 0x04, 0x19, 0xe0, 0x1a, 0x26,
    0x1b, 0x00, 0x1c, 0x00, 0x1d, 0x02, 0x1e, 0x10, 0x1f, 0x01, 0x20, 0x10, 0x21, 0x04, 0x22, 0x50,
    0x23, 0x50, 0x01, 0x20, 0x24, 0x04, 0x25, 0x00, 0x26, 0x00, 0x27, 0x00, 0x2c, 0x02, 0x2d, 0x58,
    0x2e, 0x80, 0x2f, 0x80, 0x30, 0x00, 0x31, 0x14, 0x32, 0x27, 0x33, 0xec, 0x34, 0x05, 0x35, 0x00,
    0x36, 0x40, 0x37, 0x00, 0x38, 0x17, 0x39, 0x70, 0x3d, 0x00, 0x3e, 0x00, 0x3f, 0x01, 0x52, 0x00,
    0x53, 0x01, 0x54, 0x02, 0x55, 0x03, 0x56, 0x04, 0x57, 0x05, 0x58, 0x31, 0x59, 0x00, 0x5a, 0x40,
    0x5e, 0x88, 0x5f, 0x01, 0x01, 0x20, 0x66, 0x00, 0x67, 0x3f, 0x68, 0x3f, 0x69, 0x01, 0x6a, 0x04,
    0x6b, 0x01, 0x6e, 0x6e, 0x6c, 0x61, 0x6f, 0x80, 0x6d, 0x80, 0x70, 0x04, 0x71, 0x06, 0x72, 0x07,
    0x73, 0x08, 0x74, 0x00, 0x75, 0x00, 0x76, 0x00, 0x77, 0x00, 0x78, 0x07, 0x79, 0xfc, 0x7a, 0x03,
    0x7b, 0xff, 0x7c, 0xff, 0x87, 0x04, 0x9d, 0x04, 0x9e, 0x00, 0x9f, 0x00, 0xa2, 0x0f, 0xa8, 0x00,
    0xa9, 0x40, 0xab, 0x30, 0xad, 0x00, 0x01, 0x04, 0xae, 0x3f, 0xb8, 0x00, 0xbd, 0x00, 0xbe, 0x00,
    0x01, 0x1b, 0x51, 0x01, 0x3a, 0x00, 0x3b, 0x35, 0x51, 0x02, 0x3a, 0x00, 0x3b, 0x80, 0x51, 0x03,
    0x3a, 0x00, 0x3b, 0x04, 0x51, 0x20, 0x3a, 0x00, 0x3b, 0x80, 0x51, 0x21, 0x3a, 0x00, 0x3b, 0x80,
    0x51, 0x22, 0x3a, 0x00, 0x3b, 0x80, 0x51, 0x28, 0x3a, 0x00, 0x3b, 0xbb, 0x51, 0x29, 0x3a, 0x00,
    0x3b, 0x4b, 0x51, 0x2a, 0x3a, 0x00, 0x3b, 0x4b, 0x01, 0x1e, 0x51, 0x01, 0x3a, 0x00, 0x3b, 0x3d,
    0x51, 0x02, 0x3a, 0x00, 0x3b, 0x88, 0x51, 0x03, 0x3a, 0x00, 0x3b, 0x02, 0x51, 0x09, 0x3a, 0x00,
    0x3b, 0x06, 0x51, 0x20, 0x3a, 0x00, 0x3b, 0x90, 0x51, 0x21, 0x3a, 0x00, 0x3b, 0x80, 0x51, 0x22,
    0x3a, 0x00, 0x3b, 0x80, 0x51, 0x28, 0x3a, 0x00, 0x3b, 0x4b, 0x51, 0x29, 0x3a, 0x00, 0x3b, 0x4b,
    0x51, 0x2a, 0x3a, 0x00, 0x3b, 0x4b, 0x01, 0x1b, 0x51, 0x01, 0x3a, 0x00, 0x3b, 0x35, 0x51, 0x02,
    0x3a, 0x00, 0x3b, 0x88, 0x51, 0x03, 0x3a, 0x00, 0x3b, 0x02, 0x51, 0x20, 0x3a, 0x00, 0x3b, 0x90,
    0x51, 0x21, 0x3a, 0x00, 0x3b, 0x80, 0x51, 0x22, 0x3a, 0x00, 0x3b, 0x80, 0x51, 0x28, 0x3a, 0x00,
    0x3b, 0x4b, 0x51, 0x29, 0x3a, 0x00, 0x3b, 0x4b, 0x51, 0x2a, 0x3a, 0x00, 0x3b, 0x4b, 0x01, 0x01,
    0x0b, 0x09, 0x03, 0x10, 0x0a, 0x03, 0x13, 0x0e, 0x01, 0x01, 0xd0, 0x0a, 0x01, 0x01, 0xd1, 0x0e,
    0x01, 0x01, 0xd2, 0x12, 0x01, 0x02, 0xe0, 0x00, 0xe1, 0x58, 0x01, 0x02, 0xe2, 0x02, 0xe3, 0x2b,
    0x01, 0x02, 0xe4, 0x02, 0xe5, 0x2c, 0x01, 0x02, 0xe6, 0x03, 0xe7, 0xff, 0x01, 0x02, 0xe8, 0x00,
    0xe9, 0x58, 0x01, 0x02, 0xea, 0x02, 0xeb, 0x2b, 0x01, 0x02, 0xec, 0x02, 0xed, 0x2c, 0x01, 0x02,
    0xee, 0x03, 0xef, 0xff, 0x01, 0x02, 0xf0, 0x00, 0xf1, 0x58, 0x01, 0x02, 0xf2, 0x02, 0xf3, 0x2b,
    0x01, 0x02, 0xf4, 0x02, 0xf5, 0x2c, 0x01, 0x02, 0xf6, 0x03, 0xf7, 0xff, 0x01, 0x01, 0xf8, 0x01,
    0x00,
};
static const uint8_t prog_calib_600_gray[708] = {
    0x01, 0x20, 0x01, 0xa0, 0x02, 0x70, 0x03, 0x92, 0x04, 0x10, 0x05, 0x00, 0x06, 0x50, 0x08, 0x10,
    0x09, 0x00, 0x0a, 0x00, 0x0c, 0x00, 0x0b, 0x09, 0x0d, 0x00, 0x10, 0x00, 0x11, 0x00, 0x12, 0x00,
    0x13, 0x00, 0x14, 0x00, 0x15, 0x00, 0x16, 0x00, 0x17, 0x01, 0x18, 0x04, 0x19, 0xe0, 0x1a, 0x26,
    0x1b, 0x00, 0x1c, 0x00, 0x1d, 0x02, 0x1e, 0x10, 0x1f, 0x01, 0x20, 0x10, 0x21, 0x04, 0x22, 0x50,
    0x23, 0x50, 0x01, 0x20, 0x24, 0x04, 0x25, 0x00, 0x26, 0x00, 0x27, 0x00, 0x2c, 0x02, 0x2d, 0x58,
    0x2e, 0x80, 0x2f, 0x80, 0x30, 0x00, 0x31, 0x14, 0x32, 0x27, 0x33, 0xec, 0x34, 0x05, 0x35, 0x00,
    0x36, 0x40, 0x37, 0x00, 0x38, 0x17, 0x39, 0x70, 0x3d, 0x00, 0x3e, 0x00, 0x3f, 0x01, 0x52, 0x00,
    0x53, 0x01, 0x54, 0x02, 0x55, 0x03, 0x56, 0x04, 0x57, 0x05, 0x58, 0x31, 0x59, 0x00, 0x5a, 0x40,
    0x5e, 0x88, 0x5f, 0x01, 0x01, 0x20, 0x66, 0x00, 0x67, 0x3f, 0x68, 0x3f, 0x69, 0x01, 0x6a, 0x04,
    0x6b, 0x01, 0x6e, 0x6e, 0x6c, 0x61, 0x6f, 0x80, 0x6d, 0x80, 0x70, 0x04, 0x71, 0x06, 0x72, 0x07,
    0x73, 0x08, 0x74, 0x00, 0x75, 0x00, 0x76, 0x00, 0x77, 0x00, 0x78, 0x07, 0x79, 0xfc, 0x7a, 0x03,
    0x7b, 0xff, 0x7c, 0xff, 0x87, 0x04, 0x9d, 0x04, 0x9e, 0x00, 0x9f, 0x00, 0xa2, 0x0f, 0xa8, 0x00,
    0xa9, 0x40, 0xab, 0x30, 0xad, 0x00, 0x01, 0x04, 0xae, 0x3f, 0xb8, 0x00, 0xbd, 0x00, 0xbe, 0x00,
    0x01, 0x1b, 0x51, 0x01, 0x3a, 0x00, 0x3b, 0x35, 0x51, 0x02, 0x3a, 0x00, 0x3b, 0x80, 0x51, 0x03,
    0x3a, 0x00, 0x3b, 0x04, 0x51, 0x20, 0x3a, 0x00, 0x3b, 0x80, 0x51, 0x21, 0x3a, 0x00, 0x3b, 0x80,
    0x51, 0x22, 0x3a, 0x00, 0x3b, 0x80, 0x51, 0x28, 0x3a, 0x00, 0x3b, 0xbb, 0x51, 0x29, 0x3a, 0x00,
    0x3b, 0x4b, 0x51, 0x2a, 0x3a, 0x00, 0x3b, 0x4b, 0x01, 0x1e, 0x51, 0x01, 0x3a, 0x00, 0x3b, 0x3d,
    0x51, 0x02, 0x3a, 0x00, 0x3b, 0x88, 0x51, 0x03, 0x3a, 0x00, 0x3b, 0x02, 0x51, 0x09, 0x3a, 0x00,
    0x3b, 0x06, 0x51, 0x20, 0x3a, 0x00, 0x3b, 0x90, 0x51, 0x21, 0x3a, 0x00, 0x3b, 0x80, 0x51, 0x22,
    0x3a, 0x00, 0x3b, 0x80, 0x51, 0x28, 0x3a, 0x00, 0x3b, 0x4b, 0x51, 0x29, 0x3a, 0x00, 0x3b, 0x4b,
    0x51, 0x2a, 0x3a, 0x00, 0x3b, 0x4b, 0x01, 0x1b, 0x51, 0x01, 0x3a, 0x00, 0x3b, 0x35, 0x51, 0x02,
    0x3a, 0x00, 0x3b, 0x88, 0x51, 0x03, 0x3a, 0x00, 0x3b, 0x02, 0x51, 0x20, 0x3a, 0x00, 0x3b, 0x90,
    0x51, 0x21, 0x3a, 0x00, 0x3b, 0x80, 0x51, 0x22, 0x3a, 0x00, 0x3b, 0x80, 0x51, 0x28, 0x3a, 0x00,
    0x3b, 0x4b, 0x51, 0x29, 0x3a, 0x00, 0x3b, 0x4b, 0x51, 0x2a, 0x3a, 0x00, 0x3b, 0x4b, 0x01, 0x01,
    0x0b, 0x09, 0x03, 0x10, 0x0a, 0x03, 0x13, 0x0e, 0x01, 0x01, 0xd0, 0x0a, 0x01, 0x01, 0xd1, 0x0e,
    0x01, 0x01, 0xd2, 0x12, 0x01, 0x02, 0xe0, 0x00, 0xe1, 0x58, 0x01, 0x02, 0xe2, 0x02, 0xe3, 0x2b,
    0x01, 0x02, 0xe4, 0x02, 0xe5, 0x2c, 0x01, 0x02, 0xe6, 0x03, 0xe7, 0xff, 0x01, 0x02, 0xe8, 0x00,
    0xe9, 0x58, 0x01, 0x02, 0xea, 0x02, 0xeb, 0x2b, 0x01, 0x02, 0xec, 0x02, 0xed, 0x2c, 0x01, 0x02,
    0xee, 0x03, 0xef, 0xff, 0x01, 0x02, 0xf0, 0x00, 0xf1, 0x58, 0x01, 0x02, 0xf2, 0x02, 0xf3, 0x2b,
    0x01, 0x02, 0xf4, 0x02, 0xf5, 0x2c, 0x01, 0x02, 0xf6, 0x03, 0xf7, 0xff, 0x01, 0x01, 0xf8, 0x01,
    0x01, 0x01, 0xa7, 0x01, 0x01, 0x01, 0xa6, 0x1d, 0x01, 0x12, 0x51, 0x20, 0x3a, 0x00, 0x3b, 0x90,
    0x51, 0x28, 0x3a, 0x00, 0x3b, 0x4b, 0x51, 0x21, 0x3a, 0x00, 0x3b, 0x80, 0x51, 0x29, 0x3a, 0x00,
    0x3b, 0x4b, 0x51, 0x22, 0x3a, 0x00, 0x3b, 0x80, 0x51, 0x2a, 0x3a, 0x00, 0x3b, 0x4b, 0x01, 0x01,
    0xd0, 0x0a, 0x01, 0x01, 0xd1, 0x0e, 0x01, 0x01, 0xd2, 0x12, 0x01, 0x02, 0xe0, 0x00, 0xe1, 0x58,
    0x01, 0x02, 0xe2, 0x02, 0xe3, 0x2b, 0x01, 0x02, 0xe4, 0x02, 0xe5, 0x2c, 0x01, 0x02, 0xe6, 0x03,
    0xe7, 0xff, 0x01, 0x02, 0xe8, 0x00, 0xe9, 0x58, 0x01, 0x02, 0xea, 0x02, 0xeb, 0x2b, 0x01, 0x02,
    0xec, 0x02, 0xed, 0x2c, 0x01, 0x02, 0xee, 0x03, 0xef, 0xff, 0x01, 0x02, 0xf0, 0x00, 0xf1, 0x58,
    0x01, 0x02, 0xf2, 0x02, 0xf3, 0x2b, 0x01, 0x02, 0xf4, 0x02, 0xf5, 0x2c, 0x01, 0x02, 0xf6, 0x03,
    0xf7, 0xff, 0x01, 0x01, 0xf8, 0x01, 0x01, 0x01, 0x6e, 0x6f, 0x01, 0x01, 0x7e, 0x02, 0x01, 0x01,
    0x7f, 0x0b, 0x02, 0x0a, 0x00, 0x05, 0x06, 0x00, 0x00, 0x40, 0x01, 0x10, 0x68, 0x54, 0x00, 0x00,
    0xfe, 0xff, 0xff, 0xff, 0x01, 0x06, 0x01, 0x00, 0xc0, 0x01, 0x10, 0x68, 0x54, 0x00, 0x00, 0xfe,
    0xff, 0xff, 0xff, 0x01, 0x06, 0x02, 0x00, 0x40, 0x02, 0x10, 0x68, 0x54, 0x00, 0x00, 0xfe, 0xff,
    0xff, 0xff, 0x01, 0x01, 0x01, 0x01, 0xa0, 0x01, 0x01, 0x02, 0x70, 0x01, 0x01, 0x1e, 0x10, 0x01,
    0x01, 0x9d, 0x04, 0x01, 0x01, 0x6e, 0x6f, 0x01, 0x01, 0x7e, 0x00, 0x01, 0x01, 0xa7, 0x00, 0x01,
    0x01, 0xa6, 0x1c, 0x00,
};
static const uint8_t prog_start_600_gray[1875] = {
    0x01, 0x01, 0x80, 0x00, 0x01, 0x01, 0x80, 0x00, 0x01, 0x01, 0x60, 0x20, 0x01, 0x01, 0x63, 0x00,
    0x01, 0x01, 0x0d, 0x00, 0x01, 0x01, 0x6f, 0x80, 0x01, 0x01, 0x6d, 0x9f, 0x02, 0xf4, 0x01, 0x04,
    0x00, 0x00, 0x00, 0x01, 0x00, 0x02, 0x00, 0x00, 0x00, 0x00, 0x00, 0x00, 0x5d, 0x01, 0xd6, 0x04,
    0x00, 0x08, 0xed, 0x0a, 0xae, 0x0d, 0x49, 0x10, 0xc6, 0x12, 0x29, 0x15, 0x75, 0x17, 0xaf, 0x19,
    0xd5, 0x1b, 0xed, 0x1d, 0xf6, 0x1f, 0xf3, 0x21, 0xe3, 0x23, 0xc9, 0x25, 0xa4, 0x27, 0x78, 0x29,
    0x41, 0x2b, 0x03, 0x2d, 0xbd, 0x2e, 0x70, 0x30, 0x1c, 0x32, 0xc2, 0x33, 0x61, 0x35, 0xfc, 0x36,
    0x90, 0x38, 0x20, 0x3a, 0xaa, 0x3b, 0x30, 0x3d, 0xb1, 0x3e, 0x2e, 0x40, 0xa6, 0x41, 0x1b, 0x43,
    0x8b, 0x44, 0xf9, 0x45, 0x61, 0x47, 0xc8, 0x48, 0x2a, 0x4a, 0x8a, 0x4b, 0xe7, 0x4c, 0x40, 0x4e,
    0x96, 0x4f, 0xea, 0x50, 0x3a, 0x52, 0x88, 0x53, 0xd4, 0x54, 0x1d, 0x56, 0x63, 0x57, 0xa7, 0x58,
    0xe9, 0x59, 0x29, 0x5b, 0x65, 0x5c, 0xa1, 0x5d, 0xda, 0x5e, 0x10, 0x60, 0x46, 0x61, 0x79, 0x62,
    0xaa, 0x63, 0xd9, 0x64, 0x07, 0x66, 0x31, 0x67, 0x5c, 0x68, 0x83, 0x69, 0xab, 0x6a, 0xcf, 0x6b,
    0xf3, 0x6c, 0x14, 0x6e, 0x34, 0x6f, 0x52, 0x70, 0x70, 0x71, 0x8c, 0x72, 0xa6, 0x73, 0xbf, 0x74,
    0xd5, 0x75, 0xec, 0x76, 0x00, 0x78, 0x14, 0x79, 0x26, 0x7a, 0x37, 0x7b, 0x46, 0x7c, 0x55, 0x7d,
    0x61, 0x7e, 0x6e, 0x7f, 0x79, 0x80, 0x82, 0x81, 0x8b, 0x82, 0x92, 0x83, 0x98, 0x84, 0x9e, 0x85,
    0xa2, 0x86, 0xa5, 0x87, 0xa7, 0x88, 0xa8, 0x89, 0xa8, 0x8a, 0xa8, 0x8b, 0xa6, 0x8c, 0xa3, 0x8d,
    0x9f, 0x8e, 0x9a, 0x8f, 0x95, 0x90, 0x8e, 0x91, 0x86, 0x92, 0x7f, 0x93, 0x75, 0x94, 0x6a, 0x95,
    0x60, 0x96, 0x54, 0x97, 0x47, 0x98, 0x3a, 0x99, 0x2c, 0x9a, 0x1d, 0x9b, 0x0d, 0x9c, 0xfd, 0x9c,
    0xeb, 0x9d, 0xd9, 0x9e, 0xc7, 0x9f, 0xb2, 0xa0, 0x9e, 0xa1, 0x89, 0xa2, 0x73, 0xa3, 0x5d, 0xa4,
    0x45, 0xa5, 0x2d, 0xa6, 0x15, 0xa7, 0xfb, 0xa7, 0xe2, 0xa8, 0xc7, 0xa9, 0xab, 0xaa, 0x90, 0xab,
    0x72, 0xac, 0x56, 0xad, 0x37, 0xae, 0x19, 0xaf, 0xfa, 0xaf, 0xda, 0xb0, 0xba, 0xb1, 0x99, 0xb2,
    0x78, 0xb3, 0x56, 0xb4, 0x33, 0xb5, 0x10, 0xb6, 0xeb, 0xb6, 0xc7, 0xb7, 0xa2, 0xb8, 0x7d, 0xb9,
    0x56, 0xba, 0x30, 0xbb, 0x08, 0xbc, 0xe1, 0xbc, 0xb8, 0xbd, 0x90, 0xbe, 0x66, 0xbf, 0x3c, 0xc0,
    0x11, 0xc1, 0xe6, 0xc1, 0xbb, 0xc2, 0x90, 0xc3, 0x64, 0xc4, 0x36, 0xc5, 0x09, 0xc6, 0xdb, 0xc6,
    0xad, 0xc7, 0x7e, 0xc8, 0x4e, 0xc9, 0x1f, 0xca, 0xef, 0xca, 0xbe, 0xcb, 0x8d, 0xcc, 0x5b, 0xcd,
    0x29, 0xce, 0xf7, 0xce, 0xc3, 0xcf, 0x91, 0xd0, 0x5d, 0xd1, 0x28, 0xd2, 0xf3, 0xd2, 0xbf, 0xd3,
    0x89, 0xd4, 0x53, 0xd5, 0x1d, 0xd6, 0xe6, 0xd6, 0xaf, 0xd7, 0x78, 0xd8, 0x3f, 0xd9, 0x07, 0xda,
    0xce, 0xda, 0x95, 0xdb, 0x5b, 0xdc, 0x22, 0xdd, 0xe8, 0xdd, 0xac, 0xde, 0x72, 0xdf, 0x36, 0xe0,
    0xfa, 0xe0, 0xbe, 0xe1, 0x81, 0xe2, 0x44, 0xe3, 0x07, 0xe4, 0xc9, 0xe4, 0x8b, 0xe5, 0x4d, 0xe6,
    0x0e, 0xe7, 0xcf, 0xe7, 0x8f, 0xe8, 0x4f, 0xe9, 0x0f, 0xea, 0xce, 0xea, 0x8e, 0xeb, 0x4d, 0xec,
    0x0b, 0xed, 0xc9, 0xed, 0x87, 0xee, 0x45, 0xef, 0x01, 0xf0, 0xbe, 0xf0, 0x7b, 0xf1, 0x38, 0xf2,
    0xf3, 0xf2, 0xaf, 0xf3, 0x6a, 0xf4, 0x25, 0xf5, 0xdf, 0xf5, 0x9a, 0xf6, 0x53, 0xf7, 0x0e, 0xf8,
    0xc6, 0xf8, 0x7f, 0xf9, 0x39, 0xfa, 0xcc, 0xfa, 0xcc, 0xfa, 0xcc, 0xfa, 0xcc, 0xfa, 0xcc, 0xfa,
    0xcc, 0xfa, 0xcc, 0xfa, 0xcc, 0xfa, 0xcc, 0xfa, 0xcc, 0xfa, 0xcc, 0xfa, 0xcc, 0xfa, 0xcc, 0xfa,
    0xcc, 0xfa, 0xcc, 0xfa, 0xcc, 0xfa, 0xcc, 0xfa, 0xcc, 0xfa, 0xcc, 0xfa, 0xcc, 0xfa, 0xcc, 0xfa,
    0xcc, 0xfa, 0xcc, 0xfa, 0xcc, 0xfa, 0x04, 0x00, 0x02, 0x00, 0x01, 0x00, 0x02, 0x00, 0x00, 0x00,
    0x00, 0x00, 0x00, 0x5d, 0x01, 0xd6, 0x04, 0x00, 0x08, 0xed, 0x0a, 0xae, 0x0d, 0x49, 0x10, 0xc6,
    0x12, 0x29, 0x15, 0x75, 0x17, 0xaf, 0x19, 0xd5, 0x1b, 0xed, 0x1d, 0xf6, 0x1f, 0xf3, 0x21, 0xe3,
    0x23, 0xc9, 0x25, 0xa4, 0x27, 0x78, 0x29, 0x41, 0x2b, 0x03, 0x2d, 0xbd, 0x2e, 0x70, 0x30, 0x1c,
    0x32, 0xc2, 0x33, 0x61, 0x35, 0xfc, 0x36, 0x90, 0x38, 0x20, 0x3a, 0xaa, 0x3b, 0x30, 0x3d, 0xb1,
    0x3e, 0x2e, 0x40, 0xa6, 0x41, 0x1b, 0x43, 0x8b, 0x44, 0xf9, 0x45, 0x61, 0x47, 0xc8, 0x48, 0x2a,
    0x4a, 0x8a, 0x4b, 0xe7, 0x4c, 0x40, 0x4e, 0x96, 0x4f, 0xea, 0x50, 0x3a, 0x52, 0x88, 0x53, 0xd4,
    0x54, 0x1d, 0x56, 0x63, 0x57, 0xa7, 0x58, 0xe9, 0x59, 0x29, 0x5b, 0x65, 0x5c, 0xa1, 0x5d, 0xda,
    0x5e, 0x10, 0x60, 0x46, 0x61, 0x79, 0x62, 0xaa, 0x63, 0xd9, 0x64, 0x07, 0x66, 0x31, 0x67, 0x5c,
    0x68, 0x83, 0x69, 0xab, 0x6a, 0xcf, 0x6b, 0xf3, 0x6c, 0x14, 0x6e, 0x34, 0x6f, 0x52, 0x70, 0x70,
    0x71, 0x8c, 0x72, 0xa6, 0x73, 0xbf, 0x74, 0xd5, 0x75, 0xec, 0x76, 0x00, 0x78, 0x14, 0x79, 0x26,
    0x7a, 0x37, 0x7b, 0x46, 0x7c, 0x55, 0x7d, 0x61, 0x7e, 0x6e, 0x7f, 0x79, 0x80, 0x82, 0x81, 0x8b,
    0x82, 0x92, 0x83, 0x98, 0x84, 0x9e, 0x85, 0xa2, 0x86, 0xa5, 0x87, 0xa7, 0x88, 0xa8, 0x89, 0xa8,
    0x8a, 0xa8, 0x8b, 0xa6, 0x8c, 0xa3, 0x8d, 0x9f, 0x8e, 0x9a, 0x8f, 0x95, 0x90, 0x8e, 0x91, 0x86,
    0x92, 0x7f, 0x93, 0x75, 0x94, 0x6a, 0x95, 0x60, 0x96, 0x54, 0x97, 0x47, 0x98, 0x3a, 0x99, 0x2c,
    0x9a, 0x1d, 0x9b, 0x0d, 0x9c, 0xfd, 0x9c, 0xeb, 0x9d, 0xd9, 0x9e, 0xc7, 0x9f, 0xb2, 0xa0, 0x9e,
    0xa1, 0x89, 0xa2, 0x73, 0xa3, 0x5d, 0xa4, 0x45, 0xa5, 0x2d, 0xa6, 0x15, 0xa7, 0xfb, 0xa7, 0xe2,
    0xa8, 0xc7, 0xa9, 0xab, 0xaa, 0x90, 0xab, 0x72, 0xac, 0x56, 0xad, 0x37, 0xae, 0x19, 0xaf, 0xfa,
    0xaf, 0xda, 0xb0, 0xba, 0xb1, 0x99, 0xb2, 0x78, 0xb3, 0x56, 0xb4, 0x33, 0xb5, 0x10, 0xb6, 0xeb,
    0xb6, 0xc7, 0xb7, 0xa2, 0xb8, 0x7d, 0xb9, 0x56, 0xba, 0x30, 0xbb, 0x08, 0xbc, 0xe1, 0xbc, 0xb8,
    0xbd, 0x90, 0xbe, 0x66, 0xbf, 0x3c, 0xc0, 0x11, 0xc1, 0xe6, 0xc1, 0xbb, 0xc2, 0x90, 0xc3, 0x64,
    0xc4, 0x36, 0xc5, 0x09, 0xc6, 0xdb, 0xc6, 0xad, 0xc7, 0x7e, 0xc8, 0x4e, 0xc9, 0x1f, 0xca, 0xef,
    0xca, 0xbe, 0xcb, 0x8d, 0xcc, 0x5b, 0xcd, 0x29, 0xce, 0xf7, 0xce, 0xc3, 0xcf, 0x91, 0xd0, 0x5d,
    0xd1, 0x28, 0xd2, 0xf3, 0xd2, 0xbf, 0xd3, 0x89, 0xd4, 0x53, 0xd5, 0x1d, 0xd6, 0xe6, 0xd6, 0xaf,
    0xd7, 0x78, 0xd8, 0x3f, 0xd9, 0x07, 0xda, 0xce, 0xda, 0x95, 0xdb, 0x5b, 0xdc, 0x22, 0xdd, 0xe8,
    0xdd, 0xac, 0xde, 0x72, 0xdf, 0x36, 0xe0, 0xfa, 0xe0, 0xbe, 0xe1, 0x81, 0xe2, 0x44, 0xe3, 0x07,
    0xe4, 0xc9, 0xe4, 0x8b, 0xe5, 0x4d, 0xe6, 0x0e, 0xe7, 0xcf, 0xe7, 0x8f, 0xe8, 0x4f, 0xe9, 0x0f,
    0xea, 0xce, 0xea, 0x8e, 0xeb, 0x4d, 0xec, 0x0b, 0xed, 0xc9, 0xed, 0x87, 0xee, 0x45, 0xef, 0x01,
    0xf0, 0xbe, 0xf0, 0x7b, 0xf1, 0x38, 0xf2, 0xf3, 0xf2, 0xaf, 0xf3, 0x6a, 0xf4, 0x25, 0xf5, 0xdf,
    0xf5, 0x9a, 0xf6, 0x53, 0xf7, 0x0e, 0xf8, 0xc6, 0xf8, 0x7f, 0xf9, 0x39, 0xfa, 0xcc, 0xfa, 0xcc,
    0xfa, 0xcc, 0xfa, 0xcc, 0xfa, 0xcc, 0xfa, 0xcc, 0xfa, 0xcc, 0xfa, 0xcc, 0xfa, 0xcc, 0xfa, 0xcc,
    0xfa, 0xcc, 0xfa, 0xcc, 0xfa, 0xcc, 0xfa, 0xcc, 0xfa, 0xcc, 0xfa, 0xcc, 0xfa, 0xcc, 0xfa, 0xcc,
    0xfa, 0xcc, 0xfa, 0xcc, 0xfa, 0xcc, 0xfa, 0xcc, 0xfa, 0xcc, 0xfa, 0xcc, 0xfa, 0x04, 0x00, 0x04,
    0x00, 0x01, 0x00, 0x02, 0x00, 0x00, 0x00, 0x00, 0x00, 0x00, 0x5d, 0x01, 0xd6, 0x04, 0x00, 0x08,
    0xed, 0x0a, 0xae, 0x0d, 0x49, 0x10, 0xc6, 0x12, 0x29, 0x15, 0x75, 0x17, 0xaf, 0x19, 0xd5, 0x1b,
    0xed, 0x1d, 0xf6, 0x1f, 0xf3, 0x21, 0xe3, 0x23, 0xc9, 0x25, 0xa4, 0x27, 0x78, 0x29, 0x41, 0x2b,
    0x03, 0x2d, 0xbd, 0x2e, 0x70, 0x30, 0x1c, 0x32, 0xc2, 0x33, 0x61, 0x35, 0xfc, 0x36, 0x90, 0x38,
    0x20, 0x3a, 0xaa, 0x3b, 0x30, 0x3d, 0xb1, 0x3e, 0x2e, 0x40, 0xa6, 0x41, 0x1b, 0x43, 0x8b, 0x44,
    0xf9, 0x45, 0x61, 0x47, 0xc8, 0x48, 0x2a, 0x4a, 0x8a, 0x4b, 0xe7, 0x4c, 0x40, 0x4e, 0x96, 0x4f,
    0xea, 0x50, 0x3a, 0x52, 0x88, 0x53, 0xd4, 0x54, 0x1d, 0x56, 0x63, 0x57, 0xa7, 0x58, 0xe9, 0x59,
    0x29, 0x5b, 0x65, 0x5c, 0xa1, 0x5d, 0xda, 0x5e, 0x10, 0x60, 0x46, 0x61, 0x79, 0x62, 0xaa, 0x63,
    0xd9, 0x64, 0x07, 0x66, 0x31, 0x67, 0x5c, 0x68, 0x83, 0x69, 0xab, 0x6a, 0xcf, 0x6b, 0xf3, 0x6c,
    0x14, 0x6e, 0x34, 0x6f, 0x52, 0x70, 0x70, 0x71, 0x8c, 0x72, 0xa6, 0x73, 0xbf, 0x74, 0xd5, 0x75,
    0xec, 0x76, 0x00, 0x78, 0x14, 0x79, 0x26, 0x7a, 0x37, 0x7b, 0x46, 0x7c, 0x55, 0x7d, 0x61, 0x7e,
    0x6e, 0x7f, 0x79, 0x80, 0x82, 0x81, 0x8b, 0x82, 0x92, 0x83, 0x98, 0x84, 0x9e, 0x85, 0xa2, 0x86,
    0xa5, 0x87, 0xa7, 0x88, 0xa8, 0x89, 0xa8, 0x8a, 0xa8, 0x8b, 0xa6, 0x8c, 0xa3, 0x8d, 0x9f, 0x8e,
    0x9a, 0x8f, 0x95, 0x90, 0x8e, 0x91, 0x86, 0x92, 0x7f, 0x93, 0x75, 0x94, 0x6a, 0x95, 0x60, 0x96,
    0x54, 0x97, 0x47, 0x98, 0x3a, 0x99, 0x2c, 0x9a, 0x1d, 0x9b, 0x0d, 0x9c, 0xfd, 0x9c, 0xeb, 0x9d,
    0xd9, 0x9e, 0xc7, 0x9f, 0xb2, 0xa0, 0x9e, 0xa1, 0x89, 0xa2, 0x73, 0xa3, 0x5d, 0xa4, 0x45, 0xa5,
    0x2d, 0xa6, 0x15, 0xa7, 0xfb, 0xa7, 0xe2, 0xa8, 0xc7, 0xa9, 0xab, 0xaa, 0x90, 0xab, 0x72, 0xac,
    0x56, 0xad, 0x37, 0xae, 0x19, 0xaf, 0xfa, 0xaf, 0xda, 0xb0, 0xba, 0xb1, 0x99, 0xb2, 0x78, 0xb3,
    0x56, 0xb4, 0x33, 0xb5, 0x10, 0xb6, 0xeb, 0xb6, 0xc7, 0xb7, 0xa2, 0xb8, 0x7d, 0xb9, 0x56, 0xba,
    0x30, 0xbb, 0x08, 0xbc, 0xe1, 0xbc, 0xb8, 0xbd, 0x90, 0xbe, 0x66, 0xbf, 0x3c, 0xc0, 0x11, 0xc1,
    0xe6, 0xc1, 0xbb, 0xc2, 0x90, 0xc3, 0x64, 0xc4, 0x36, 0xc5, 0x09, 0xc6, 0xdb, 0xc6, 0xad, 0xc7,
    0x7e, 0xc8, 0x4e, 0xc9, 0x1f, 0xca, 0xef, 0xca, 0xbe, 0xcb, 0x8d, 0xcc, 0x5b, 0xcd, 0x29, 0xce,
    0xf7, 0xce, 0xc3, 0xcf, 0x91, 0xd0, 0x5d, 0xd1, 0x28, 0xd2, 0xf3, 0xd2, 0xbf, 0xd3, 0x89, 0xd4,
    0x53, 0xd5, 0x1d, 0xd6, 0xe6, 0xd6, 0xaf, 0xd7, 0x78, 0xd8, 0x3f, 0xd9, 0x07, 0xda, 0xce, 0xda,
    0x95, 0xdb, 0x5b, 0xdc, 0x22, 0xdd, 0xe8, 0xdd, 0xac, 0xde, 0x72, 0xdf, 0x36, 0xe0, 0xfa, 0xe0,
    0xbe, 0xe1, 0x81, 0xe2, 0x44, 0xe3, 0x07, 0xe4, 0xc9, 0xe4, 0x8b, 0xe5, 0x4d, 0xe6, 0x0e, 0xe7,
    0xcf, 0xe7, 0x8f, 0xe8, 0x4f, 0xe9, 0x0f, 0xea, 0xce, 0xea, 0x8e, 0xeb, 0x4d, 0xec, 0x0b, 0xed,
    0xc9, 0xed, 0x87, 0xee, 0x45, 0xef, 0x01, 0xf0, 0xbe, 0xf0, 0x7b, 0xf1, 0x38, 0xf2, 0xf3, 0xf2,
    0xaf, 0xf3, 0x6a, 0xf4, 0x25, 0xf5, 0xdf, 0xf5, 0x9a, 0xf6, 0x53, 0xf7, 0x0e, 0xf8, 0xc6, 0xf8,
    0x7f, 0xf9, 0x39, 0xfa, 0xcc, 0xfa, 0xcc, 0xfa, 0xcc, 0xfa, 0xcc, 0xfa, 0xcc, 0xfa, 0xcc, 0xfa,
    0xcc, 0xfa, 0xcc, 0xfa, 0xcc, 0xfa, 0xcc, 0xfa, 0xcc, 0xfa, 0xcc, 0xfa, 0xcc, 0xfa, 0xcc, 0xfa,
    0xcc, 0xfa, 0xcc, 0xfa, 0xcc, 0xfa, 0xcc, 0xfa, 0xcc, 0xfa, 0xcc, 0xfa, 0xcc, 0xfa, 0xcc, 0xfa,
    0xcc, 0xfa, 0xcc, 0xfa, 0x02, 0x64, 0x00, 0x01, 0x14, 0x05, 0x08, 0xc5, 0x00, 0xc6, 0x00, 0xbd,
    0x00, 0xbe, 0x07, 0xc7, 0x00, 0xc8, 0x00, 0xc9, 0x00, 0xca, 0x00, 0x04, 0x14, 0x34, 0x05, 0x30,
    0x00, 0x31, 0x9a, 0x32, 0x14, 0x33, 0x86, 0x2c, 0x02, 0x2d, 0x58, 0x3d, 0x00, 0x3e, 0x00, 0x3f,
    0x01, 0x01, 0x02, 0x09, 0x00, 0xa0, 0x00, 0x07, 0x01, 0x01, 0x10, 0x00, 0x01, 0x01, 0x9d, 0x00,
    0x04, 0x00, 0x00, 0x00, 0x10, 0x20, 0x00, 0xb8, 0x0b, 0xb8, 0x0b, 0xb8, 0x0b, 0xb8, 0x0b, 0xb8,
    0x0b, 0xb8, 0x0b, 0xb8, 0x0b, 0xb8, 0x0b, 0xb8, 0x0b, 0xb8, 0x0b, 0xb8, 0x0b, 0xb8, 0x0b, 0xb8,
    0x0b, 0xb8, 0x0b, 0xb8, 0x0b, 0xb8, 0x0b, 0x04, 0x00, 0x80, 0x00, 0x10, 0x08, 0x00, 0xb8, 0x0b,
    0xb8, 0x0b, 0xb8, 0x0b, 0xb8, 0x0b, 0x01, 0x03, 0x3d, 0x00, 0x3e, 0x00, 0x3f, 0x01, 0x01, 0x02,
    0x10, 0x03, 0x11, 0x08, 0x01, 0x02, 0x12, 0x07, 0x13, 0xc2, 0x01, 0x02, 0x14, 0x0c, 0x15, 0x45,
    0x01, 0x01, 0x0d, 0x01, 0x01, 0x01, 0x0d, 0x00, 0x01, 0x01, 0x0d, 0x10, 0x01, 0x01, 0x6b, 0x81,
    0x02, 0x14, 0x00, 0x01, 0x01, 0x63, 0x20, 0x04, 0x00, 0xc0, 0x00, 0x10, 0x02, 0x00, 0xdc, 0x05,
    0x01, 0x17, 0x02, 0x58, 0x38, 0x17, 0x39, 0x70, 0x21, 0x04, 0x64, 0x17, 0x65, 0x6b, 0x60, 0x20,
    0x61, 0x00, 0x62, 0x00, 0x69, 0x04, 0x8f, 0x00, 0x90, 0x00, 0x91, 0x00, 0x92, 0x01, 0x93, 0xb8,
    0x95, 0x01, 0x96, 0xa5, 0x97, 0xe0, 0x0a, 0x20, 0x6a, 0x01, 0x3d, 0x00, 0x3e, 0x00, 0x3f, 0x01,
    0x01, 0x01, 0x0f, 0x01, 0x01, 0x01, 0x6b, 0x01, 0x08, 0x01, 0x01, 0x08, 0x10, 0x01, 0x08, 0x02,
    0x50, 0x6a, 0x04, 0x3d, 0x00, 0x3e, 0x00, 0x3f, 0x01, 0x35, 0x00, 0x36, 0x07, 0x37, 0x78, 0x01,
    0x01, 0x20, 0x10, 0x01, 0x01, 0x9f, 0x00, 0x01, 0x01, 0x02, 0x50, 0x01, 0x01, 0x08, 0x50, 0x01,
    0x01, 0xa8, 0x00, 0x01, 0x01, 0x01, 0xa1, 0x01, 0x01, 0x0f, 0xff, 0x02, 0x14, 0x00, 0x01, 0x01,
    0x01, 0xe1, 0x00,
};

struct nm1000_mode {
    int dpi;
    int color;
    int flash_region;
    int pixels;
    const uint8_t *setparams, *calib, *start;
};

static const struct nm1000_mode nm1000_modes[] = {
    {150, 1, 1, 1272, prog_setparams_150_color, prog_calib_150_color, prog_start_150_color},
    {150, 0, 3, 1272, prog_setparams_150_gray, prog_calib_150_gray, prog_start_150_gray},
    {200, 1, 1, 1700, prog_setparams_200_color, prog_calib_200_color, prog_start_200_color},
    {200, 0, 3, 1700, prog_setparams_200_gray, prog_calib_200_gray, prog_start_200_gray},
    {300, 1, 1, 2548, prog_setparams_300_color, prog_calib_300_color, prog_start_300_color},
    {300, 0, 3, 2548, prog_setparams_300_gray, prog_calib_300_gray, prog_start_300_gray},
    {600, 1, 0, 5100, prog_setparams_600_color, prog_calib_600_color, prog_start_600_color},
    {600, 0, 2, 5100, prog_setparams_600_gray, prog_calib_600_gray, prog_start_600_gray},
};

#endif
